file,scene,snr_db,record_id,frontend,round,max_abs_g,grid_max_time_s,saved_formula_max_abs_difference,audit_reassociation_max_abs_difference,registered_Aineq_max_excess,registered_checkpoints,input_usable,gain_eta
T300_S0_-12dB_chunk_001.mat,S0,-12,1,VS,0,0.294509834705464,299.95,0,5.55111512312578e-17,-1.70549016529454,322,1,0.0122243814034455
T300_S0_-12dB_chunk_001.mat,S0,-12,1,MFT,0,1.90776654379815,37.95,0,1.11022302462516e-16,-0.092292150074353,322,0,0.403744289448716
T300_S0_-12dB_chunk_001.mat,S0,-12,1,SUV,0,0.290868285444922,299.95,0,5.55111512312578e-17,-1.70913171455508,66,1,0.00508643280321364
T300_S0_-12dB_chunk_001.mat,S0,-12,1,V0,0,0.294509902940654,299.95,0,5.55111512312578e-17,-1.70549009705935,322,1,0.0175566972060721
T300_S0_-12dB_chunk_001.mat,S0,-12,2,VS,0,0.178270877117015,299.95,0,2.77555756156289e-17,-1.82172912288298,322,1,0.0321028337385886
T300_S0_-12dB_chunk_001.mat,S0,-12,2,MFT,0,1.93315609976705,20.95,0,2.77555756156289e-17,-0.0682719506370998,322,1,0.128920023812715
T300_S0_-12dB_chunk_001.mat,S0,-12,2,SUV,0,0.172529636264255,290,0,2.77555756156289e-17,-1.82747036373575,66,1,-0.00455506940906891
T300_S0_-12dB_chunk_001.mat,S0,-12,2,V0,0,0.178270871487788,299.95,0,2.77555756156289e-17,-1.82172912851221,322,1,0.0385558339285247
T300_S0_-12dB_chunk_001.mat,S0,-12,3,VS,0,0.276688605352396,0,0,5.55111512312578e-17,-1.7233113946476,322,1,0.0132537584596378
T300_S0_-12dB_chunk_001.mat,S0,-12,3,MFT,0,1.287,272,0,1.11022302462516e-16,-0.713,322,0,0.305552711703878
T300_S0_-12dB_chunk_001.mat,S0,-12,3,SUV,0,0.275158143412146,0,0,2.77555756156289e-17,-1.72484185658785,66,1,0.0026735988763914
T300_S0_-12dB_chunk_001.mat,S0,-12,3,V0,0,0.276688606264987,0,0,5.55111512312578e-17,-1.72331139373501,322,1,0.0435472116946056
T300_S0_-12dB_chunk_001.mat,S0,-12,4,VS,0,0.214959875563968,0,0,2.77555756156289e-17,-1.78504012443603,322,1,0.00251890533102972
T300_S0_-12dB_chunk_001.mat,S0,-12,4,MFT,0,1.76282664716376,32.95,0,2.77555756156289e-17,-0.237470372775535,322,1,0.114184193037396
T300_S0_-12dB_chunk_001.mat,S0,-12,4,MFT,1,1.76278654215567,32.95,0,2.22044604925031e-16,-0.237510817656565,322,1,0.114184193037396
T300_S0_-12dB_chunk_001.mat,S0,-12,4,SUV,0,0.214530335518688,10,0,2.77555756156289e-17,-1.78546966448131,66,1,0.00808481417967677
T300_S0_-12dB_chunk_001.mat,S0,-12,4,V0,0,0.214959891138226,0,0,2.77555756156289e-17,-1.78504010886177,322,1,0.0135852999940402
T300_S0_-12dB_chunk_001.mat,S0,-12,5,VS,0,0.243353974899919,0,0,2.77555756156289e-17,-1.75664602510008,322,1,0.000433034869362303
T300_S0_-12dB_chunk_001.mat,S0,-12,5,MFT,0,1.9696922680711,100.95,0,2.22044604925031e-16,-0.0306243895391851,322,0,0.300590850641217
T300_S0_-12dB_chunk_001.mat,S0,-12,5,SUV,0,0.240232875359457,0,0,2.77555756156289e-17,-1.75976712464054,66,1,0.0109430581741753
T300_S0_-12dB_chunk_001.mat,S0,-12,5,V0,0,0.243353982407186,0,0,2.77555756156289e-17,-1.75664601759281,322,1,0.0448553175754656
T300_S0_-12dB_chunk_001.mat,S0,-12,6,VS,0,0.174944831643703,299.95,0,2.77555756156289e-17,-1.8250551683563,322,1,0.0290214769814005
T300_S0_-12dB_chunk_001.mat,S0,-12,6,MFT,0,1.99360148432803,276.95,0,5.55111512312578e-17,-0.00645649795709279,322,0,0.369538722189493
T300_S0_-12dB_chunk_001.mat,S0,-12,6,SUV,0,0.164486306960954,299.95,0,2.77555756156289e-17,-1.83551369303905,66,1,0.00152499637641412
T300_S0_-12dB_chunk_001.mat,S0,-12,6,V0,0,0.174944831644277,299.95,0,2.77555756156289e-17,-1.82505516835572,322,1,0.0067362030269944
T300_S0_-12dB_chunk_001.mat,S0,-12,7,VS,0,0.182893169032089,280,0,2.77555756156289e-17,-1.81710683096791,322,1,0.00170586688856678
T300_S0_-12dB_chunk_001.mat,S0,-12,7,MFT,0,1.521,295,0,5.55111512312578e-17,-0.479,322,1,0.371091139890822
T300_S0_-12dB_chunk_001.mat,S0,-12,7,SUV,0,0.184468093203395,277,0,2.77555756156289e-17,-1.81557223710236,66,1,-0.0049330458963982
T300_S0_-12dB_chunk_001.mat,S0,-12,7,V0,0,0.182893168317615,280,0,2.77555756156289e-17,-1.81710683168239,322,1,0.0197659093770598
T300_S0_-12dB_chunk_001.mat,S0,-12,8,VS,0,0.173886176803574,299.95,0,2.77555756156289e-17,-1.82611382319643,322,1,0.0205985666184593
T300_S0_-12dB_chunk_001.mat,S0,-12,8,MFT,0,1.48315939998347,227,0,2.77555756156289e-17,-0.517940740558577,322,1,0.439900668546823
T300_S0_-12dB_chunk_001.mat,S0,-12,8,SUV,0,0.173952365538868,299.95,0,2.77555756156289e-17,-1.82604763446113,66,1,0.00595745353177679
T300_S0_-12dB_chunk_001.mat,S0,-12,8,V0,0,0.173886174690744,299.95,0,2.77555756156289e-17,-1.82611382530926,322,1,-0.00323330712430714
T300_S0_-12dB_chunk_001.mat,S0,-12,9,VS,0,0.155851706261475,0,0,2.77555756156289e-17,-1.84414829373852,322,1,0.0242805217563676
T300_S0_-12dB_chunk_001.mat,S0,-12,9,MFT,0,1.959,54,0,2.77555756156289e-17,-0.0409999999999999,322,1,0.142958107008762
T300_S0_-12dB_chunk_001.mat,S0,-12,9,SUV,0,0.15419007091116,0,0,2.77555756156289e-17,-1.84580992908884,66,1,0.00556898040679821
T300_S0_-12dB_chunk_001.mat,S0,-12,9,V0,0,0.155851706274393,0,0,2.77555756156289e-17,-1.84414829372561,322,1,0.00815355346864133
T300_S0_-12dB_chunk_001.mat,S0,-12,10,VS,0,0.22512946532975,17.95,0,2.77555756156289e-17,-1.77492971364637,322,1,0.0189451008982379
T300_S0_-12dB_chunk_001.mat,S0,-12,10,MFT,0,1.12568451940429,205,0,5.55111512312578e-17,-0.874643961879547,322,1,0.201858214511577
T300_S0_-12dB_chunk_001.mat,S0,-12,10,SUV,0,0.232312915757941,12.95,0,2.77555756156289e-17,-1.76772976521864,66,1,-0.000816090571547634
T300_S0_-12dB_chunk_001.mat,S0,-12,10,V0,0,0.225129465853367,17.95,0,2.77555756156289e-17,-1.77492971311719,322,1,0.0267564528581216
T300_S0_-12dB_chunk_002.mat,S0,-12,11,VS,0,0.250034138598579,12.95,0,2.77555756156289e-17,-1.75002103305195,322,1,0.223737626393246
T300_S0_-12dB_chunk_002.mat,S0,-12,11,MFT,0,1.87445871576247,121.95,0,5.55111512312578e-17,-0.1257164614048,322,1,0.317618900820297
T300_S0_-12dB_chunk_002.mat,S0,-12,11,MFT,1,1.87579748850826,121.95,0,1.11022302462516e-16,-0.124380512976305,322,1,0.317618900820297
T300_S0_-12dB_chunk_002.mat,S0,-12,11,SUV,0,0.249415492883552,0,0,2.77555756156289e-17,-1.75058450711645,66,1,-0.000150684670489065
T300_S0_-12dB_chunk_002.mat,S0,-12,11,V0,0,0.250034119467285,12.95,0,2.77555756156289e-17,-1.75002105209516,322,1,0.175422221040346
T300_S0_-12dB_chunk_002.mat,S0,-12,12,VS,0,0.266790388671845,299.95,0,2.77555756156289e-17,-1.73320961132816,322,1,0.0273916331654439
T300_S0_-12dB_chunk_002.mat,S0,-12,12,MFT,0,1.80699129794508,205,0,2.22044604925031e-16,-0.193949357000886,322,0,0.467389122424112
T300_S0_-12dB_chunk_002.mat,S0,-12,12,SUV,0,0.266041859407639,299.95,0,5.55111512312578e-17,-1.73395814059236,66,1,0.00832382051105596
T300_S0_-12dB_chunk_002.mat,S0,-12,12,V0,0,0.2667903894024,299.95,0,2.77555756156289e-17,-1.7332096105976,322,1,0.0211843838504195
T300_S0_-12dB_chunk_002.mat,S0,-12,13,VS,0,0.274036522439271,0,0,5.55111512312578e-17,-1.72596347756073,322,1,0.0183236878961165
T300_S0_-12dB_chunk_002.mat,S0,-12,13,MFT,0,1.15209936591052,116,0,1.11022302462516e-16,-0.848472672753337,322,1,0.489437492919678
T300_S0_-12dB_chunk_002.mat,S0,-12,13,SUV,0,0.271696781951931,0,0,5.55111512312578e-17,-1.72830321804807,66,1,0.00829836704850651
T300_S0_-12dB_chunk_002.mat,S0,-12,13,V0,0,0.274036533971176,0,0,5.55111512312578e-17,-1.72596346602882,322,1,0.00661263120812139
T300_S0_-12dB_chunk_002.mat,S0,-12,14,VS,0,0.194845000645508,299.95,0,2.77555756156289e-17,-1.80515499935449,322,1,0.0038811485569713
T300_S0_-12dB_chunk_002.mat,S0,-12,14,MFT,0,1.98003275325345,98,0,2.22044604925031e-16,-0.019983213957609,322,1,0.261056856072276
T300_S0_-12dB_chunk_002.mat,S0,-12,14,SUV,0,0.188586211655095,285,0,2.77555756156289e-17,-1.81142428665903,66,1,-0.00133328160614821
T300_S0_-12dB_chunk_002.mat,S0,-12,14,V0,0,0.194845001553884,299.95,0,2.77555756156289e-17,-1.80515499844612,322,1,0.0263700294618064
T300_S0_-12dB_chunk_002.mat,S0,-12,15,VS,0,0.249097561184054,0,0,2.77555756156289e-17,-1.75090243881595,322,1,0.00496366867063525
T300_S0_-12dB_chunk_002.mat,S0,-12,15,MFT,0,0.850750899460481,148.95,0,5.55111512312578e-17,-1.14948040818336,322,1,0.489853332669097
T300_S0_-12dB_chunk_002.mat,S0,-12,15,SUV,0,0.247727562481372,0,0,2.77555756156289e-17,-1.75227243751863,66,1,0.00192483298719082
T300_S0_-12dB_chunk_002.mat,S0,-12,15,V0,0,0.24909768706183,0,0,2.77555756156289e-17,-1.75090231293817,322,1,0.0261039922576559
T300_S0_-12dB_chunk_002.mat,S0,-12,16,VS,0,0.157552055460716,0,0,2.77555756156289e-17,-1.84244794453928,322,1,0.0206974050035462
T300_S0_-12dB_chunk_002.mat,S0,-12,16,MFT,0,1.5566124332215,40,0,1.11022302462516e-16,-0.443387566778502,322,1,0.257796548628092
T300_S0_-12dB_chunk_002.mat,S0,-12,16,MFT,1,1.55200656978302,40,0,2.22044604925031e-16,-0.44799343021698,322,1,0.257796548628092
T300_S0_-12dB_chunk_002.mat,S0,-12,16,SUV,0,0.156202852429151,28.95,0,2.77555756156289e-17,-1.84381068701485,66,1,-0.00871128235537399
T300_S0_-12dB_chunk_002.mat,S0,-12,16,V0,0,0.157551969394108,0,0,2.77555756156289e-17,-1.84244803060589,322,1,0.0115820840912492
T300_S0_-12dB_chunk_002.mat,S0,-12,17,VS,0,0.153488779458881,0,0,2.77555756156289e-17,-1.84651122054112,322,1,0.0291760260658647
T300_S0_-12dB_chunk_002.mat,S0,-12,17,MFT,0,1.47942853031843,278.95,0,2.77555756156289e-17,-0.520680420196889,322,1,0.0726307025696016
T300_S0_-12dB_chunk_002.mat,S0,-12,17,SUV,0,0.152760731283536,299.95,0,2.77555756156289e-17,-1.84723926871646,66,1,0.00455735627024101
T300_S0_-12dB_chunk_002.mat,S0,-12,17,V0,0,0.153488979840384,0,0,2.77555756156289e-17,-1.84651102015962,322,1,0.0791710357882826
T300_S0_-12dB_chunk_002.mat,S0,-12,18,VS,0,0.212434274417386,299.95,0,2.77555756156289e-17,-1.78756572558261,322,1,0.0178212316072822
T300_S0_-12dB_chunk_002.mat,S0,-12,18,MFT,0,2,40,0,2.22044604925031e-16,0,322,1,0.203324155326699
T300_S0_-12dB_chunk_002.mat,S0,-12,18,SUV,0,0.209770437639192,299.95,0,2.77555756156289e-17,-1.79022956236081,66,1,0.00435841588069708
T300_S0_-12dB_chunk_002.mat,S0,-12,18,V0,0,0.212434272143899,299.95,0,2.77555756156289e-17,-1.7875657278561,322,1,0.0361849407254873
T300_S0_-12dB_chunk_002.mat,S0,-12,19,VS,0,0.143572107586389,299.95,0,2.77555756156289e-17,-1.85642789241361,322,1,-0.000584012279116419
T300_S0_-12dB_chunk_002.mat,S0,-12,19,MFT,0,1.385,21,0,2.77555756156289e-17,-0.615,322,1,0.0802011857338492
T300_S0_-12dB_chunk_002.mat,S0,-12,19,SUV,0,0.143069358467571,285,0,2.77555756156289e-17,-1.85694918402553,66,1,0.00173348440642729
T300_S0_-12dB_chunk_002.mat,S0,-12,19,V0,0,0.143572101292077,299.95,0,2.77555756156289e-17,-1.85642789870792,322,1,0.0280196382065765
T300_S0_-12dB_chunk_002.mat,S0,-12,20,VS,0,0.293608524956609,0,0,2.77555756156289e-17,-1.70639147504339,322,1,0.0209545964497113
T300_S0_-12dB_chunk_002.mat,S0,-12,20,MFT,0,1.79224673852394,98,0,2.22044604925031e-16,-0.208300365442695,322,0,0.262307285381116
T300_S0_-12dB_chunk_002.mat,S0,-12,20,SUV,0,0.292691667405972,0,0,5.55111512312578e-17,-1.70730833259403,66,1,0.00545910352320889
T300_S0_-12dB_chunk_002.mat,S0,-12,20,V0,0,0.293608543774583,0,0,5.55111512312578e-17,-1.70639145622542,322,1,0.0190252850989545
T300_S0_-12dB_chunk_003.mat,S0,-12,21,VS,0,0.164330801561039,275,0,2.77555756156289e-17,-1.83572633412753,322,1,0.0357655201005718
T300_S0_-12dB_chunk_003.mat,S0,-12,21,MFT,0,0.927651725680844,7.95,0,1.11022302462516e-16,-1.07802030199699,322,1,0.434560454627516
T300_S0_-12dB_chunk_003.mat,S0,-12,21,SUV,0,0.175950527814898,277,0,2.77555756156289e-17,-1.82407748044749,66,1,0.01339274228341
T300_S0_-12dB_chunk_003.mat,S0,-12,21,V0,0,0.164330802072577,275,0,2.77555756156289e-17,-1.83572633350707,322,1,0.0436041127585921
T300_S0_-12dB_chunk_003.mat,S0,-12,22,VS,0,0.130118043158231,292,0,2.77555756156289e-17,-1.86992889207245,322,1,0.00827487916507907
T300_S0_-12dB_chunk_003.mat,S0,-12,22,MFT,0,0.951498078066662,118,0,1.11022302462516e-16,-1.04923223499084,322,1,0.390023810177336
T300_S0_-12dB_chunk_003.mat,S0,-12,22,SUV,0,0.134492819978033,20.95,0,2.77555756156289e-17,-1.86551736394819,66,1,-0.00113490506056479
T300_S0_-12dB_chunk_003.mat,S0,-12,22,V0,0,0.130118367839882,292,0,2.77555756156289e-17,-1.86992856875661,322,1,-0.00156870999513292
T300_S0_-12dB_chunk_003.mat,S0,-12,23,VS,0,0.282550373204133,299.95,0,2.77555756156289e-17,-1.71744962679587,322,1,0.0135047223648014
T300_S0_-12dB_chunk_003.mat,S0,-12,23,MFT,0,0.626982723872492,23.95,0,5.55111512312578e-17,-1.37315493693444,322,1,0.31129548843422
T300_S0_-12dB_chunk_003.mat,S0,-12,23,SUV,0,0.284044613877555,285,0,5.55111512312578e-17,-1.71596164008896,66,1,-0.0053934060677413
T300_S0_-12dB_chunk_003.mat,S0,-12,23,V0,0,0.282550384842853,299.95,0,5.55111512312578e-17,-1.71744961515715,322,1,0.0228558981355041
T300_S0_-12dB_chunk_003.mat,S0,-12,24,VS,0,0.214082293057431,276,0,2.77555756156289e-17,-1.78597847834101,322,1,0.0516944850201485
T300_S0_-12dB_chunk_003.mat,S0,-12,24,MFT,0,1.87255202497087,275.95,0,2.22044604925031e-16,-0.127687252235132,322,0,0.315625812574229
T300_S0_-12dB_chunk_003.mat,S0,-12,24,SUV,0,0.214570212719631,277,0,2.77555756156289e-17,-1.78543651819658,66,1,0.00481520526461909
T300_S0_-12dB_chunk_003.mat,S0,-12,24,V0,0,0.214082292700788,276,0,2.77555756156289e-17,-1.78597847870026,322,1,0.0515680784909766
T300_S0_-12dB_chunk_003.mat,S0,-12,25,VS,0,0.241336786111052,0,0,2.77555756156289e-17,-1.75866321388895,322,1,0.00872399896266673
T300_S0_-12dB_chunk_003.mat,S0,-12,25,MFT,0,1.89518162615741,64.95,0,2.22044604925031e-16,-0.105522743285475,322,0,0.37131095840689
T300_S0_-12dB_chunk_003.mat,S0,-12,25,SUV,0,0.229112447433096,0,0,2.77555756156289e-17,-1.7708875525669,66,1,0.00255925352970165
T300_S0_-12dB_chunk_003.mat,S0,-12,25,V0,0,0.241336767838191,0,0,2.77555756156289e-17,-1.75866323216181,322,1,0.0430424758722326
T300_S0_-12dB_chunk_003.mat,S0,-12,26,VS,0,0.250708703279535,299.95,0,2.77555756156289e-17,-1.74929129672047,322,1,0.0800095028213538
T300_S0_-12dB_chunk_003.mat,S0,-12,26,MFT,0,1.639,50,0,5.55111512312578e-17,-0.361,322,1,0.339484844740454
T300_S0_-12dB_chunk_003.mat,S0,-12,26,MFT,1,1.639,50,0,2.22044604925031e-16,-0.361,322,1,0.339484844740454
T300_S0_-12dB_chunk_003.mat,S0,-12,26,SUV,0,0.247857204200643,290,0,2.77555756156289e-17,-1.75214279579936,66,1,-0.0033206412820771
T300_S0_-12dB_chunk_003.mat,S0,-12,26,V0,0,0.250708705393244,299.95,0,5.55111512312578e-17,-1.74929129460676,322,1,0.0486414014898462
T300_S0_-12dB_chunk_003.mat,S0,-12,27,VS,0,0.162094864138974,0,0,2.77555756156289e-17,-1.83790513586103,322,1,0.0514327225871167
T300_S0_-12dB_chunk_003.mat,S0,-12,27,MFT,0,1.28667598216441,73,0,5.55111512312578e-17,-0.713367297143982,322,1,0.355099712040718
T300_S0_-12dB_chunk_003.mat,S0,-12,27,SUV,0,0.157896909123414,12.95,0,2.77555756156289e-17,-1.84211469428922,66,1,0.0024792834519286
T300_S0_-12dB_chunk_003.mat,S0,-12,27,V0,0,0.162094157795723,0,0,2.77555756156289e-17,-1.83790584220428,322,1,0.040614196957895
T300_S0_-12dB_chunk_003.mat,S0,-12,28,VS,0,0.167376958889766,0,0,2.77555756156289e-17,-1.83262304111023,322,1,0.0140617764873732
T300_S0_-12dB_chunk_003.mat,S0,-12,28,MFT,0,1.93453940025742,160,0,2.22044604925031e-16,-0.0654605997425819,322,1,0.41083962781948
T300_S0_-12dB_chunk_003.mat,S0,-12,28,SUV,0,0.162144532721576,0,0,2.77555756156289e-17,-1.83785546727842,66,1,0.00090856496200753
T300_S0_-12dB_chunk_003.mat,S0,-12,28,V0,0,0.16737690256549,0,0,2.77555756156289e-17,-1.83262309743451,322,1,0.01835073128558
T300_S0_-12dB_chunk_003.mat,S0,-12,29,VS,0,0.17804072748469,280,0,2.77555756156289e-17,-1.82195927251531,322,1,0.025639869535004
T300_S0_-12dB_chunk_003.mat,S0,-12,29,MFT,0,1.56868495743425,254.95,0,2.77555756156289e-17,-0.431931154446099,322,1,0.530534721432338
T300_S0_-12dB_chunk_003.mat,S0,-12,29,SUV,0,0.178975193766984,277,0,2.77555756156289e-17,-1.82106545699423,66,1,0.000729587792528519
T300_S0_-12dB_chunk_003.mat,S0,-12,29,V0,0,0.178040727581933,280,0,2.77555756156289e-17,-1.82195927241807,322,1,0.0197720746221853
T300_S0_-12dB_chunk_003.mat,S0,-12,30,VS,0,0.19120111874173,299.95,0,2.77555756156289e-17,-1.80879888125827,322,1,0.013728556494743
T300_S0_-12dB_chunk_003.mat,S0,-12,30,MFT,0,1.98285959585522,295,0,1.11022302462516e-16,-0.0199714040414478,322,0,0.163131305099686
T300_S0_-12dB_chunk_003.mat,S0,-12,30,MFT,1,1.98272543870587,295,0,1.11022302462516e-16,-0.0199727456129413,322,0,0.163131305099686
T300_S0_-12dB_chunk_003.mat,S0,-12,30,SUV,0,0.190240816931397,299.95,0,2.77555756156289e-17,-1.8097591830686,66,1,0.0014264494549312
T300_S0_-12dB_chunk_003.mat,S0,-12,30,V0,0,0.191201147223928,299.95,0,2.77555756156289e-17,-1.80879885277607,322,1,0.0199859286655302
T300_S0_-12dB_chunk_004.mat,S0,-12,31,VS,0,0.156895058747201,299.95,0,2.77555756156289e-17,-1.8431049412528,322,1,0.0318393744214057
T300_S0_-12dB_chunk_004.mat,S0,-12,31,MFT,0,2.00004403418539,22.95,0,2.22044604925031e-16,0,322,0,0.208120394642605
T300_S0_-12dB_chunk_004.mat,S0,-12,31,SUV,0,0.155479944957063,299.95,0,2.77555756156289e-17,-1.84452005504294,66,1,0.0147162523018451
T300_S0_-12dB_chunk_004.mat,S0,-12,31,V0,0,0.156895161948992,299.95,0,2.77555756156289e-17,-1.84310483805101,322,1,0.0275105330619724
T300_S0_-12dB_chunk_004.mat,S0,-12,32,VS,0,0.231785816439013,0,0,2.77555756156289e-17,-1.76821418356099,322,1,0.0190990400433336
T300_S0_-12dB_chunk_004.mat,S0,-12,32,MFT,0,1.32986080467226,200,0,5.55111512312578e-17,-0.670139195327737,322,1,0.289978260960565
T300_S0_-12dB_chunk_004.mat,S0,-12,32,SUV,0,0.231536531723677,0,0,2.77555756156289e-17,-1.76846346827632,66,1,-0.000240635649207177
T300_S0_-12dB_chunk_004.mat,S0,-12,32,V0,0,0.231785789309692,0,0,2.77555756156289e-17,-1.76821421069031,322,1,0.0190308839163167
T300_S0_-12dB_chunk_004.mat,S0,-12,33,VS,0,0.200182565749231,280,0,2.77555756156289e-17,-1.79981743425077,322,1,0.0311362700221111
T300_S0_-12dB_chunk_004.mat,S0,-12,33,MFT,0,1.3772283191217,134,0,1.11022302462516e-16,-0.622831080650602,322,1,0.314034295405958
T300_S0_-12dB_chunk_004.mat,S0,-12,33,SUV,0,0.20355772621704,277,0,2.77555756156289e-17,-1.79647057938818,66,1,0.00698115091411122
T300_S0_-12dB_chunk_004.mat,S0,-12,33,V0,0,0.200182568813843,280,0,2.77555756156289e-17,-1.79981743118616,322,1,0.0521814469631336
T300_S0_-12dB_chunk_004.mat,S0,-12,34,VS,0,0.174108037016209,299.95,0,2.77555756156289e-17,-1.82589196298379,322,1,0.0971008584486345
T300_S0_-12dB_chunk_004.mat,S0,-12,34,MFT,0,1.68487048292808,256.95,0,5.55111512312578e-17,-0.315136345075547,322,1,0.358335056197338
T300_S0_-12dB_chunk_004.mat,S0,-12,34,SUV,0,0.17172281196132,299.95,0,2.77555756156289e-17,-1.82827718803868,66,1,0.0079638745403785
T300_S0_-12dB_chunk_004.mat,S0,-12,34,V0,0,0.174108144742237,299.95,0,2.77555756156289e-17,-1.82589185525776,322,1,0.0593853913885596
T300_S0_-12dB_chunk_004.mat,S0,-12,35,VS,0,0.322736286692513,299.95,0,5.55111512312578e-17,-1.67726371330749,322,1,0.0115078507110629
T300_S0_-12dB_chunk_004.mat,S0,-12,35,MFT,0,1.76733669805225,221,0,5.55111512312578e-17,-0.232700670973453,322,1,0.156032713517049
T300_S0_-12dB_chunk_004.mat,S0,-12,35,SUV,0,0.31916472044778,299.95,0,5.55111512312578e-17,-1.68083527955222,66,1,0.00590173706063313
T300_S0_-12dB_chunk_004.mat,S0,-12,35,V0,0,0.322736282770743,299.95,0,5.55111512312578e-17,-1.67726371722926,322,1,0.00738700484804722
T300_S0_-12dB_chunk_004.mat,S0,-12,36,VS,0,0.239804010735457,280,0,2.77555756156289e-17,-1.76019598926454,322,1,0.000209129375143502
T300_S0_-12dB_chunk_004.mat,S0,-12,36,MFT,0,1.98327567834336,78.95,0,2.22044604925031e-16,-0.017329232719006,322,0,0.279530203005505
T300_S0_-12dB_chunk_004.mat,S0,-12,36,SUV,0,0.241160800580829,277,0,2.77555756156289e-17,-1.75884974548407,66,1,0.000850489520032083
T300_S0_-12dB_chunk_004.mat,S0,-12,36,V0,0,0.239804010603276,280,0,2.77555756156289e-17,-1.76019598939672,322,1,-0.00109378046431052
T300_S0_-12dB_chunk_004.mat,S0,-12,37,VS,0,0.244563227322557,7.95,0,2.77555756156289e-17,-1.75549535637889,322,1,0.00560219565159192
T300_S0_-12dB_chunk_004.mat,S0,-12,37,MFT,0,1.78927901920761,213.95,0,2.77555756156289e-17,-0.210793133922828,322,1,0.171384555981159
T300_S0_-12dB_chunk_004.mat,S0,-12,37,SUV,0,0.238555132832028,12.95,0,2.77555756156289e-17,-1.76146060616853,66,1,0.00628503494425592
T300_S0_-12dB_chunk_004.mat,S0,-12,37,V0,0,0.244563270674398,7.95,0,2.77555756156289e-17,-1.7554953132491,322,1,0.0135010008001456
T300_S0_-12dB_chunk_004.mat,S0,-12,38,VS,0,0.225,0,0,2.77555756156289e-17,-1.775,322,1,0.0385836190102246
T300_S0_-12dB_chunk_004.mat,S0,-12,38,MFT,0,1.679,152,0,5.55111512312578e-17,-0.321,322,1,0.269213930709813
T300_S0_-12dB_chunk_004.mat,S0,-12,38,SUV,0,0.238258604991345,0,0,2.77555756156289e-17,-1.76174139500866,66,1,-0.000866523231750516
T300_S0_-12dB_chunk_004.mat,S0,-12,38,V0,0,0.225,0,0,2.77555756156289e-17,-1.775,322,1,0.0357491605659738
T300_S0_-12dB_chunk_004.mat,S0,-12,39,VS,0,0.168219092710032,299.95,0,2.77555756156289e-17,-1.83178090728997,322,1,0.0292932782764802
T300_S0_-12dB_chunk_004.mat,S0,-12,39,MFT,0,1.664,187,0,5.55111512312578e-17,-0.336,322,1,0.360137594278898
T300_S0_-12dB_chunk_004.mat,S0,-12,39,MFT,1,1.667862167024,188.95,0,2.22044604925031e-16,-0.333410936800646,322,1,0.360137594278898
T300_S0_-12dB_chunk_004.mat,S0,-12,39,SUV,0,0.166221614465991,299.95,0,2.77555756156289e-17,-1.83377838553401,66,1,0.0147226725284212
T300_S0_-12dB_chunk_004.mat,S0,-12,39,V0,0,0.168219092719747,299.95,0,2.77555756156289e-17,-1.83178090728025,322,1,0.0450745077241184
T300_S0_-12dB_chunk_004.mat,S0,-12,40,VS,0,0.217973123818757,0,0,2.77555756156289e-17,-1.78202687618124,322,1,0.0123961113007972
T300_S0_-12dB_chunk_004.mat,S0,-12,40,MFT,0,1.76643882277299,100.95,0,1.11022302462516e-16,-0.234260809853536,322,1,0.0654529411469972
T300_S0_-12dB_chunk_004.mat,S0,-12,40,SUV,0,0.216437325924125,12.95,0,2.77555756156289e-17,-1.78357943296954,66,1,-0.000882973317742008
T300_S0_-12dB_chunk_004.mat,S0,-12,40,V0,0,0.217973250759449,0,0,2.77555756156289e-17,-1.78202674924055,322,1,0.0332443573952494
T300_S0_-12dB_chunk_005.mat,S0,-12,41,VS,0,0.148063101357138,299.95,0,2.77555756156289e-17,-1.85193689864286,322,1,0.0138015270652055
T300_S0_-12dB_chunk_005.mat,S0,-12,41,MFT,0,1.53380148605801,295,0,2.77555756156289e-17,-0.468169642566022,322,1,0.0288781117350546
T300_S0_-12dB_chunk_005.mat,S0,-12,41,SUV,0,0.14180823580269,299.95,0,2.77555756156289e-17,-1.85819176419731,66,1,-0.00156062037342231
T300_S0_-12dB_chunk_005.mat,S0,-12,41,V0,0,0.148063098601037,299.95,0,2.77555756156289e-17,-1.85193690139896,322,1,0.0708101401313538
T300_S0_-12dB_chunk_005.mat,S0,-12,42,VS,0,0.237130969765386,0,0,2.77555756156289e-17,-1.76286903023461,322,1,0.0356584170692928
T300_S0_-12dB_chunk_005.mat,S0,-12,42,MFT,0,1.243,247,0,2.77555756156289e-17,-0.757,322,1,0.304619706017011
T300_S0_-12dB_chunk_005.mat,S0,-12,42,SUV,0,0.238468026124024,12.95,0,2.77555756156289e-17,-1.76156142291632,66,1,0.00454164025475423
T300_S0_-12dB_chunk_005.mat,S0,-12,42,V0,0,0.237130963832097,0,0,2.77555756156289e-17,-1.7628690361679,322,1,0.087945033825345
T300_S0_-12dB_chunk_005.mat,S0,-12,43,VS,0,0.25507234338876,299.95,0,5.55111512312578e-17,-1.74492765661124,322,1,0.0139698994049734
T300_S0_-12dB_chunk_005.mat,S0,-12,43,MFT,0,1.54906483299488,22,0,2.77555756156289e-17,-0.451185427392751,322,1,0.352733506639444
T300_S0_-12dB_chunk_005.mat,S0,-12,43,SUV,0,0.246522879953601,299.95,0,2.77555756156289e-17,-1.7534771200464,66,1,0.0169215165664188
T300_S0_-12dB_chunk_005.mat,S0,-12,43,V0,0,0.255072346830156,299.95,0,5.55111512312578e-17,-1.74492765316984,322,1,0.0264457438798451
T300_S0_-12dB_chunk_005.mat,S0,-12,44,VS,0,0.277895706450144,0,0,5.55111512312578e-17,-1.72210429354986,322,1,0.027716119200854
T300_S0_-12dB_chunk_005.mat,S0,-12,44,MFT,0,0.301473027418282,261,0,5.55111512312578e-17,-1.69885783639942,322,1,0.48609778526184
T300_S0_-12dB_chunk_005.mat,S0,-12,44,SUV,0,0.27262620713753,12.95,0,2.77555756156289e-17,-1.72739625395098,66,1,-0.00208034247362354
T300_S0_-12dB_chunk_005.mat,S0,-12,44,V0,0,0.277895702467831,0,0,5.55111512312578e-17,-1.72210429753217,322,1,0.0119975786644595
T300_S0_-12dB_chunk_005.mat,S0,-12,45,VS,0,0.141652811381345,290,0,2.77555756156289e-17,-1.85834718861866,322,1,0.00827185058907065
T300_S0_-12dB_chunk_005.mat,S0,-12,45,MFT,0,1.84437980725716,249.95,0,1.11022302462516e-16,-0.156536015750014,322,0,0.243574015647776
T300_S0_-12dB_chunk_005.mat,S0,-12,45,SUV,0,0.142734530177654,277,0,2.77555756156289e-17,-1.85727934482804,66,1,-0.00256194167232049
T300_S0_-12dB_chunk_005.mat,S0,-12,45,V0,0,0.14165281006424,290,0,2.77555756156289e-17,-1.85834718993576,322,1,0.0304475617505455
T300_S0_-12dB_chunk_005.mat,S0,-12,46,VS,0,0.218043835670617,299.95,0,2.77555756156289e-17,-1.78195616432938,322,1,0.0911318669936382
T300_S0_-12dB_chunk_005.mat,S0,-12,46,MFT,0,1.78397900193921,49.95,0,2.77555756156289e-17,-0.216430460246106,322,1,0.538105985485861
T300_S0_-12dB_chunk_005.mat,S0,-12,46,SUV,0,0.219236921369293,277,0,2.77555756156289e-17,-1.78080954519675,66,1,-3.3606876450043e-05
T300_S0_-12dB_chunk_005.mat,S0,-12,46,V0,0,0.218043844260047,299.95,0,2.77555756156289e-17,-1.78195615573995,322,1,0.0336933044031306
T300_S0_-12dB_chunk_005.mat,S0,-12,47,VS,0,0.210077868721857,0,0,2.77555756156289e-17,-1.78992213127814,322,1,0.0147784861138517
T300_S0_-12dB_chunk_005.mat,S0,-12,47,MFT,0,1.706,214,0,2.77555756156289e-17,-0.294,322,0,0.252279943751993
T300_S0_-12dB_chunk_005.mat,S0,-12,47,SUV,0,0.210998100966512,12.95,0,2.77555756156289e-17,-1.78901901181176,66,1,-0.00282347122807192
T300_S0_-12dB_chunk_005.mat,S0,-12,47,V0,0,0.21007795399031,0,0,2.77555756156289e-17,-1.78992204600969,322,1,0.0694340171069617
T300_S0_-12dB_chunk_005.mat,S0,-12,48,VS,0,0.286061662520067,0,0,5.55111512312578e-17,-1.71393833747993,322,1,-0.0021784571161626
T300_S0_-12dB_chunk_005.mat,S0,-12,48,MFT,0,1.66436150144893,155.95,0,2.22044604925031e-16,-0.335764584551655,322,0,0.207854478866404
T300_S0_-12dB_chunk_005.mat,S0,-12,48,SUV,0,0.285449709601603,0,0,2.77555756156289e-17,-1.7145502903984,66,1,0.00256893981267214
T300_S0_-12dB_chunk_005.mat,S0,-12,48,V0,0,0.286061663869887,0,0,5.55111512312578e-17,-1.71393833613011,322,1,0.0394153834104755
T300_S0_-12dB_chunk_005.mat,S0,-12,49,VS,0,0.301255175578264,299.95,0,5.55111512312578e-17,-1.69874482442174,322,1,0.0103203935418991
T300_S0_-12dB_chunk_005.mat,S0,-12,49,MFT,0,1.68,295,0,2.22044604925031e-16,-0.32,322,0,0.32956172618616
T300_S0_-12dB_chunk_005.mat,S0,-12,49,MFT,1,1.68,295,0,2.22044604925031e-16,-0.32,322,0,0.32956172618616
T300_S0_-12dB_chunk_005.mat,S0,-12,49,SUV,0,0.296214310679362,285,0,2.77555756156289e-17,-1.70381914047719,66,1,-0.00273251755350989
T300_S0_-12dB_chunk_005.mat,S0,-12,49,V0,0,0.301255179202673,299.95,0,5.55111512312578e-17,-1.69874482079733,322,1,0.0248895796406879
T300_S0_-12dB_chunk_005.mat,S0,-12,50,VS,0,0.275384969612987,299.95,0,5.55111512312578e-17,-1.72461503038701,322,1,0.0581931273071975
T300_S0_-12dB_chunk_005.mat,S0,-12,50,MFT,0,1.71113215977131,295,0,2.22044604925031e-16,-0.29024857664374,322,0,0.346484963365127
T300_S0_-12dB_chunk_005.mat,S0,-12,50,MFT,1,1.71137393868642,295,0,2.22044604925031e-16,-0.289924273961615,322,0,0.346484963365127
T300_S0_-12dB_chunk_005.mat,S0,-12,50,SUV,0,0.276644681030094,285,0,2.77555756156289e-17,-1.72340380102752,66,1,-0.0036741758367832
T300_S0_-12dB_chunk_005.mat,S0,-12,50,V0,0,0.275384972893311,299.95,0,5.55111512312578e-17,-1.72461502710669,322,1,0.0569217224826943
T300_S0_-12dB_chunk_006.mat,S0,-12,51,VS,0,0.176534906797629,0,0,2.77555756156289e-17,-1.82346509320237,322,1,0.0135528607074733
T300_S0_-12dB_chunk_006.mat,S0,-12,51,MFT,0,1.99058435695363,118.95,0,1.11022302462516e-16,-0.00956824678336141,322,0,0.335873828488424
T300_S0_-12dB_chunk_006.mat,S0,-12,51,SUV,0,0.178509444120747,0,0,2.77555756156289e-17,-1.82149055587925,66,1,0.00443662070957596
T300_S0_-12dB_chunk_006.mat,S0,-12,51,V0,0,0.176534966216395,0,0,2.77555756156289e-17,-1.8234650337836,322,1,0.00846192401291235
T300_S0_-12dB_chunk_006.mat,S0,-12,52,VS,0,0.209471603984961,280,0,2.77555756156289e-17,-1.79052839601504,322,1,0.000203099201370405
T300_S0_-12dB_chunk_006.mat,S0,-12,52,MFT,0,1.25659375412308,150.95,0,2.77555756156289e-17,-0.743426522758419,322,1,0.384838469144971
T300_S0_-12dB_chunk_006.mat,S0,-12,52,SUV,0,0.212846620453307,299.95,0,2.77555756156289e-17,-1.78715337954669,66,1,0.0115782882155411
T300_S0_-12dB_chunk_006.mat,S0,-12,52,V0,0,0.209471605770313,280,0,2.77555756156289e-17,-1.79052839422969,322,1,-0.00212728382796878
T300_S0_-12dB_chunk_006.mat,S0,-12,53,VS,0,0.149453098350323,299.95,0,2.77555756156289e-17,-1.85054690164968,322,1,0.0153276639642338
T300_S0_-12dB_chunk_006.mat,S0,-12,53,MFT,0,1.36396171626404,199.95,0,2.22044604925031e-16,-0.636399462243627,322,1,0.119212545355291
T300_S0_-12dB_chunk_006.mat,S0,-12,53,SUV,0,0.148060986995483,299.95,0,2.77555756156289e-17,-1.85193901300452,66,1,0.00632054096991042
T300_S0_-12dB_chunk_006.mat,S0,-12,53,V0,0,0.149453408564072,299.95,0,2.77555756156289e-17,-1.85054659143593,322,1,0.0144804126173226
T300_S0_-12dB_chunk_006.mat,S0,-12,54,VS,0,0.29310398958584,0,0,5.55111512312578e-17,-1.70689601041416,322,1,0.0239630767809856
T300_S0_-12dB_chunk_006.mat,S0,-12,54,MFT,0,1.87113428992254,92.95,0,2.22044604925031e-16,-0.129070893455391,322,0,0.317994645889243
T300_S0_-12dB_chunk_006.mat,S0,-12,54,SUV,0,0.285398543074315,12.95,0,2.77555756156289e-17,-1.71461940078636,66,1,0.00816108366664625
T300_S0_-12dB_chunk_006.mat,S0,-12,54,V0,0,0.293103978604673,0,0,5.55111512312578e-17,-1.70689602139533,322,1,0.0119144475581862
T300_S0_-12dB_chunk_006.mat,S0,-12,55,VS,0,0.263712157808493,10,0,5.55111512312578e-17,-1.73628784219151,322,1,0.0331215948867664
T300_S0_-12dB_chunk_006.mat,S0,-12,55,MFT,0,0.820943547605506,299.95,0,1.11022302462516e-16,-1.17905645239449,322,1,0.0311684299943736
T300_S0_-12dB_chunk_006.mat,S0,-12,55,SUV,0,0.265821263133403,0,0,5.55111512312578e-17,-1.7341787368666,66,1,0.00634711136584165
T300_S0_-12dB_chunk_006.mat,S0,-12,55,V0,0,0.2637121594207,10,0,5.55111512312578e-17,-1.7362878405793,322,1,0.0346848885477685
T300_S0_-12dB_chunk_006.mat,S0,-12,56,VS,0,0.191890892625633,299.95,0,2.77555756156289e-17,-1.80810910737437,322,1,0.00956232391403078
T300_S0_-12dB_chunk_006.mat,S0,-12,56,MFT,0,1.46097382550232,114.95,0,2.22044604925031e-16,-0.539206104671909,322,0,0.405029602809496
T300_S0_-12dB_chunk_006.mat,S0,-12,56,SUV,0,0.193565256850894,299.95,0,2.77555756156289e-17,-1.80643474314911,66,1,-7.75553063766532e-05
T300_S0_-12dB_chunk_006.mat,S0,-12,56,V0,0,0.191890896725346,299.95,0,2.77555756156289e-17,-1.80810910327465,322,1,0.0180631671027032
T300_S0_-12dB_chunk_006.mat,S0,-12,57,VS,0,0.226338320124345,280,0,2.77555756156289e-17,-1.77366167987565,322,1,0.0428199126444178
T300_S0_-12dB_chunk_006.mat,S0,-12,57,MFT,0,1.74960067750871,287.95,0,1.11022302462516e-16,-0.251236429144054,322,0,0.27280992319336
T300_S0_-12dB_chunk_006.mat,S0,-12,57,SUV,0,0.237390721418917,277,0,2.77555756156289e-17,-1.76263517783016,66,1,-0.00135705716106582
T300_S0_-12dB_chunk_006.mat,S0,-12,57,V0,0,0.226338320071937,280,0,2.77555756156289e-17,-1.77366167992806,322,1,0.020912489960819
T300_S0_-12dB_chunk_006.mat,S0,-12,58,VS,0,0.170563603351233,0,0,2.77555756156289e-17,-1.82943639664877,322,1,-0.00100520507573831
T300_S0_-12dB_chunk_006.mat,S0,-12,58,MFT,0,1.64693742774704,136,0,2.77555756156289e-17,-0.353216971845168,322,1,0.082927747393953
T300_S0_-12dB_chunk_006.mat,S0,-12,58,SUV,0,0.170709835232608,0,0,2.77555756156289e-17,-1.82929016476739,66,1,-0.00341226995011767
T300_S0_-12dB_chunk_006.mat,S0,-12,58,V0,0,0.170563592881251,0,0,2.77555756156289e-17,-1.82943640711875,322,1,0.013184292678717
T300_S0_-12dB_chunk_006.mat,S0,-12,59,VS,0,0.19475523673376,299.95,0,2.77555756156289e-17,-1.80524476326624,322,1,0.102650337821163
T300_S0_-12dB_chunk_006.mat,S0,-12,59,MFT,0,1.667,30,0,2.22044604925031e-16,-0.333,322,0,0.447940542836719
T300_S0_-12dB_chunk_006.mat,S0,-12,59,SUV,0,0.191827010659475,299.95,0,2.77555756156289e-17,-1.80817298934052,66,1,0.00712341559006202
T300_S0_-12dB_chunk_006.mat,S0,-12,59,V0,0,0.194755301632806,299.95,0,2.77555756156289e-17,-1.80524469836719,322,1,0.0965848695736441
T300_S0_-12dB_chunk_006.mat,S0,-12,60,VS,0,0.266645854809246,299.95,0,5.55111512312578e-17,-1.73335414519075,322,1,0.0136723790726918
T300_S0_-12dB_chunk_006.mat,S0,-12,60,MFT,0,0.809105772415674,231,0,5.55111512312578e-17,-1.19189774353401,322,1,0.138522997288543
T300_S0_-12dB_chunk_006.mat,S0,-12,60,SUV,0,0.266484297121407,299.95,0,5.55111512312578e-17,-1.73351570287859,66,1,0.00115298234078443
T300_S0_-12dB_chunk_006.mat,S0,-12,60,V0,0,0.266645855040546,299.95,0,5.55111512312578e-17,-1.73335414495945,322,1,0.0351693411985502
T300_S0_-12dB_chunk_007.mat,S0,-12,61,VS,0,0.272715099602646,299.95,0,5.55111512312578e-17,-1.72728490039735,322,1,0.0254174141975491
T300_S0_-12dB_chunk_007.mat,S0,-12,61,MFT,0,1.28333135686415,258.95,0,5.55111512312578e-17,-0.717271634820235,322,1,0.0225532669793873
T300_S0_-12dB_chunk_007.mat,S0,-12,61,SUV,0,0.271947923217273,299.95,0,5.55111512312578e-17,-1.72805207678273,66,1,-0.00223731820445916
T300_S0_-12dB_chunk_007.mat,S0,-12,61,V0,0,0.272715090560063,299.95,0,2.77555756156289e-17,-1.72728490943994,322,1,0.0453095460193138
T300_S0_-12dB_chunk_007.mat,S0,-12,62,VS,0,0.147286463672399,299.95,0,2.77555756156289e-17,-1.8527135363276,322,1,0.0116194837647395
T300_S0_-12dB_chunk_007.mat,S0,-12,62,MFT,0,1.67628463863611,141.95,0,1.11022302462516e-16,-0.323767456966256,322,1,0.442833604454582
T300_S0_-12dB_chunk_007.mat,S0,-12,62,SUV,0,0.150798433222592,299.95,0,2.77555756156289e-17,-1.84920156677741,66,1,-0.00377703837610754
T300_S0_-12dB_chunk_007.mat,S0,-12,62,V0,0,0.147286467580508,299.95,0,2.77555756156289e-17,-1.85271353241949,322,1,-0.00128460717397594
T300_S0_-12dB_chunk_007.mat,S0,-12,63,VS,0,0.188061395770146,299.95,0,2.77555756156289e-17,-1.81193860422985,322,1,0.000398350629293609
T300_S0_-12dB_chunk_007.mat,S0,-12,63,MFT,0,1.40921783834862,195.95,0,1.11022302462516e-16,-0.590954783008093,322,1,0.31299275883
T300_S0_-12dB_chunk_007.mat,S0,-12,63,SUV,0,0.190293194844865,299.95,0,2.77555756156289e-17,-1.80970680515513,66,1,0.000865898853909086
T300_S0_-12dB_chunk_007.mat,S0,-12,63,V0,0,0.188061392661645,299.95,0,2.77555756156289e-17,-1.81193860733836,322,1,0.0926288343462675
T300_S0_-12dB_chunk_007.mat,S0,-12,64,VS,0,0.157140084035535,0,0,2.77555756156289e-17,-1.84285991596447,322,1,0.012591414802827
T300_S0_-12dB_chunk_007.mat,S0,-12,64,MFT,0,1.91027156337624,202.95,0,1.11022302462516e-16,-0.0898474191764848,322,1,0.180715268084326
T300_S0_-12dB_chunk_007.mat,S0,-12,64,SUV,0,0.155927712822437,0,0,1.38777878078145e-17,-1.84407228717756,66,1,0.0105174153502336
T300_S0_-12dB_chunk_007.mat,S0,-12,64,V0,0,0.157140106356331,0,0,2.77555756156289e-17,-1.84285989364367,322,1,0.0404674545691622
T300_S0_-12dB_chunk_007.mat,S0,-12,65,VS,0,0.229410613309859,0,0,2.77555756156289e-17,-1.77058938669014,322,1,0.0493998763424176
T300_S0_-12dB_chunk_007.mat,S0,-12,65,MFT,0,1.87382743595163,142,0,1.11022302462516e-16,-0.126272185915629,322,1,0.231475579162643
T300_S0_-12dB_chunk_007.mat,S0,-12,65,SUV,0,0.228218926416007,0,0,2.77555756156289e-17,-1.77178107358399,66,1,0.00837006677429131
T300_S0_-12dB_chunk_007.mat,S0,-12,65,V0,0,0.229410750714525,0,0,2.77555756156289e-17,-1.77058924928547,322,1,0.0191073840165863
T300_S0_-12dB_chunk_007.mat,S0,-12,66,VS,0,0.292548864072306,299.95,0,5.55111512312578e-17,-1.70745113592769,322,1,0.0234705706907322
T300_S0_-12dB_chunk_007.mat,S0,-12,66,MFT,0,1.65989411229946,212.95,0,5.55111512312578e-17,-0.340564391557598,322,0,0.175466014642782
T300_S0_-12dB_chunk_007.mat,S0,-12,66,SUV,0,0.284716101785063,285,0,2.77555756156289e-17,-1.71531380957884,66,1,0.00510433629890805
T300_S0_-12dB_chunk_007.mat,S0,-12,66,V0,0,0.29254890879685,299.95,0,5.55111512312578e-17,-1.70745109120315,322,1,0.0167172704592931
T300_S0_-12dB_chunk_007.mat,S0,-12,67,VS,0,0.233565859333484,0,0,2.77555756156289e-17,-1.76643414066652,322,1,0.00517683087501397
T300_S0_-12dB_chunk_007.mat,S0,-12,67,MFT,0,1.778,30,0,1.11022302462516e-16,-0.222,322,1,0.190337260498897
T300_S0_-12dB_chunk_007.mat,S0,-12,67,SUV,0,0.229009682561393,0,0,2.77555756156289e-17,-1.77099031743861,66,1,0.00228761990647508
T300_S0_-12dB_chunk_007.mat,S0,-12,67,V0,0,0.233565850612381,0,0,2.77555756156289e-17,-1.76643414938762,322,1,0.0695493881392162
T300_S0_-12dB_chunk_007.mat,S0,-12,68,VS,0,0.237119580932017,0,0,2.77555756156289e-17,-1.76288041906798,322,1,-0.0070072866487908
T300_S0_-12dB_chunk_007.mat,S0,-12,68,MFT,0,1.85222316534158,130.95,0,1.11022302462516e-16,-0.147982030642421,322,1,0.315497161112835
T300_S0_-12dB_chunk_007.mat,S0,-12,68,SUV,0,0.239450469281273,12.95,0,2.77555756156289e-17,-1.76056252714609,66,1,-0.00344824882694528
T300_S0_-12dB_chunk_007.mat,S0,-12,68,V0,0,0.23711958115748,0,0,2.77555756156289e-17,-1.76288041884252,322,1,0.00866144915928402
T300_S0_-12dB_chunk_007.mat,S0,-12,69,VS,0,0.210606821916528,0,0,2.77555756156289e-17,-1.78939317808347,322,1,0.0337445541798889
T300_S0_-12dB_chunk_007.mat,S0,-12,69,MFT,0,1.48309188424412,148.95,0,2.22044604925031e-16,-0.517037249791841,322,1,0.186597272813981
T300_S0_-12dB_chunk_007.mat,S0,-12,69,SUV,0,0.209371865979634,0,0,2.77555756156289e-17,-1.79062813402037,66,1,-0.00105070981147959
T300_S0_-12dB_chunk_007.mat,S0,-12,69,V0,0,0.210606697408448,0,0,2.77555756156289e-17,-1.78939330259155,322,1,0.023107496588658
T300_S0_-12dB_chunk_007.mat,S0,-12,70,VS,0,0.208559001185482,0,0,2.77555756156289e-17,-1.79144099881452,322,1,0.0448900965995397
T300_S0_-12dB_chunk_007.mat,S0,-12,70,MFT,0,1.81570454333527,225,0,1.11022302462516e-16,-0.184920426286404,322,0,0.35982856763329
T300_S0_-12dB_chunk_007.mat,S0,-12,70,MFT,1,1.81544751846075,225,0,2.22044604925031e-16,-0.185190468755483,322,0,0.35982856763329
T300_S0_-12dB_chunk_007.mat,S0,-12,70,SUV,0,0.208655421521786,0,0,2.77555756156289e-17,-1.79134457847821,66,1,0.0063334589576024
T300_S0_-12dB_chunk_007.mat,S0,-12,70,V0,0,0.208558954917399,0,0,2.77555756156289e-17,-1.7914410450826,322,1,0.00752186840315872
T300_S0_-12dB_chunk_008.mat,S0,-12,71,VS,0,0.257860242184423,299.95,0,5.55111512312578e-17,-1.74213975781558,322,1,0.0430643481343587
T300_S0_-12dB_chunk_008.mat,S0,-12,71,MFT,0,1.368,30,0,2.22044604925031e-16,-0.632,322,1,0.313783899247293
T300_S0_-12dB_chunk_008.mat,S0,-12,71,SUV,0,0.251711562063294,285,0,5.55111512312578e-17,-1.74832714672216,66,1,0.00968360847973593
T300_S0_-12dB_chunk_008.mat,S0,-12,71,V0,0,0.25786024215563,299.95,0,5.55111512312578e-17,-1.74213975784437,322,1,0.021155665918496
T300_S0_-12dB_chunk_008.mat,S0,-12,72,VS,0,0.19,0,0,2.77555756156289e-17,-1.81,322,1,0.0348507176550149
T300_S0_-12dB_chunk_008.mat,S0,-12,72,MFT,0,1.37914832045364,207,0,1.11022302462516e-16,-0.621018157793917,322,1,0.532656275973258
T300_S0_-12dB_chunk_008.mat,S0,-12,72,SUV,0,0.188546161511259,0,0,2.77555756156289e-17,-1.81145383848874,66,1,0.0132050933012124
T300_S0_-12dB_chunk_008.mat,S0,-12,72,V0,0,0.19,0,0,2.77555756156289e-17,-1.81,322,1,0.0189280539376164
T300_S0_-12dB_chunk_008.mat,S0,-12,73,VS,0,0.245311756312024,299.95,0,2.77555756156289e-17,-1.75468824368798,322,1,0.00156445119873438
T300_S0_-12dB_chunk_008.mat,S0,-12,73,MFT,0,1.13776383124102,96,0,1.11022302462516e-16,-0.863424518787192,322,1,0.353885333115169
T300_S0_-12dB_chunk_008.mat,S0,-12,73,SUV,0,0.243288380422478,299.95,0,2.77555756156289e-17,-1.75671161957752,66,1,0.00170556645149755
T300_S0_-12dB_chunk_008.mat,S0,-12,73,V0,0,0.245311701861741,299.95,0,2.77555756156289e-17,-1.75468829813826,322,1,0.0064668452924499
T300_S0_-12dB_chunk_008.mat,S0,-12,74,VS,0,0.172877804945126,0,0,2.77555756156289e-17,-1.82712219505487,322,1,0.0172001619793321
T300_S0_-12dB_chunk_008.mat,S0,-12,74,MFT,0,1.46967384519589,38.95,0,2.77555756156289e-17,-0.530717698093341,322,1,0.186476271890916
T300_S0_-12dB_chunk_008.mat,S0,-12,74,SUV,0,0.16820081980148,0,0,2.77555756156289e-17,-1.83179918019852,66,1,0.0176817279687755
T300_S0_-12dB_chunk_008.mat,S0,-12,74,V0,0,0.172877812931012,0,0,2.77555756156289e-17,-1.82712218706899,322,1,0.0224408562953733
T300_S0_-12dB_chunk_008.mat,S0,-12,75,VS,0,0.1772633606624,299.95,0,2.77555756156289e-17,-1.8227366393376,322,1,0.0312587030605289
T300_S0_-12dB_chunk_008.mat,S0,-12,75,MFT,0,1.688,37,0,2.22044604925031e-16,-0.312,322,1,0.329638812218795
T300_S0_-12dB_chunk_008.mat,S0,-12,75,SUV,0,0.173877965095674,299.95,0,2.77555756156289e-17,-1.82612203490433,66,1,0.00216217002533747
T300_S0_-12dB_chunk_008.mat,S0,-12,75,V0,0,0.177263356332994,299.95,0,2.77555756156289e-17,-1.82273664366701,322,1,0.0306598331061927
T300_S0_-12dB_chunk_008.mat,S0,-12,76,VS,0,0.174625061217239,0,0,2.77555756156289e-17,-1.82537493878276,322,1,0.0182348692923212
T300_S0_-12dB_chunk_008.mat,S0,-12,76,MFT,0,1.93543674247909,194,0,1.11022302462516e-16,-0.064694177196495,322,0,0.294897895166323
T300_S0_-12dB_chunk_008.mat,S0,-12,76,SUV,0,0.174715258842799,0,0,2.77555756156289e-17,-1.8252847411572,66,1,0.0141636250613114
T300_S0_-12dB_chunk_008.mat,S0,-12,76,V0,0,0.17462494584622,0,0,2.77555756156289e-17,-1.82537505415378,322,1,0.0247976044474641
T300_S0_-12dB_chunk_008.mat,S0,-12,77,VS,0,0.297828879437359,280,0,5.55111512312578e-17,-1.70217112056264,322,1,0.0966501919573216
T300_S0_-12dB_chunk_008.mat,S0,-12,77,MFT,0,1.94089545375225,79,0,2.22044604925031e-16,-0.0591158720912558,322,0,0.164308325089134
T300_S0_-12dB_chunk_008.mat,S0,-12,77,MFT,1,1.93837896207111,79,0,2.22044604925031e-16,-0.0622184261349074,322,0,0.164308325089134
T300_S0_-12dB_chunk_008.mat,S0,-12,77,SUV,0,0.301912330360083,277,0,5.55111512312578e-17,-1.69809807049219,66,1,0.00677808754922582
T300_S0_-12dB_chunk_008.mat,S0,-12,77,V0,0,0.297828877190088,280,0,5.55111512312578e-17,-1.70217112280991,322,1,0.128123209814856
T300_S0_-12dB_chunk_008.mat,S0,-12,78,VS,0,0.253638573530502,0,0,5.55111512312578e-17,-1.7463614264695,322,1,0.0020598271992317
T300_S0_-12dB_chunk_008.mat,S0,-12,78,MFT,0,1.89423949705304,79.95,0,5.55111512312578e-17,-0.105961103952403,322,0,0.255260579359823
T300_S0_-12dB_chunk_008.mat,S0,-12,78,SUV,0,0.252831914454822,0,0,5.55111512312578e-17,-1.74716808554518,66,1,0.0023329604097726
T300_S0_-12dB_chunk_008.mat,S0,-12,78,V0,0,0.25363876454384,0,0,2.77555756156289e-17,-1.74636123545616,322,1,0.00895906347574194
T300_S0_-12dB_chunk_008.mat,S0,-12,79,VS,0,0.268124692320928,299.95,0,5.55111512312578e-17,-1.73187530767907,322,1,0.0102007568131495
T300_S0_-12dB_chunk_008.mat,S0,-12,79,MFT,0,1.82377013381973,10,0,5.55111512312578e-17,-0.176229866180266,322,1,0.145008800278178
T300_S0_-12dB_chunk_008.mat,S0,-12,79,SUV,0,0.268200300286998,299.95,0,2.77555756156289e-17,-1.731799699713,66,1,0.00294277740465387
T300_S0_-12dB_chunk_008.mat,S0,-12,79,V0,0,0.268124617540037,299.95,0,5.55111512312578e-17,-1.73187538245996,322,1,0.00939733335322768
T300_S0_-12dB_chunk_008.mat,S0,-12,80,VS,0,0.160183504999596,272,0,2.77555756156289e-17,-1.83987233269438,322,1,0.00630624715658012
T300_S0_-12dB_chunk_008.mat,S0,-12,80,MFT,0,1.60064319180048,26.95,0,2.77555756156289e-17,-0.399468164293569,322,1,0.307016176016569
T300_S0_-12dB_chunk_008.mat,S0,-12,80,SUV,0,0.163732839435362,276.95,0,2.77555756156289e-17,-1.83626730800262,66,1,0.0181276354640176
T300_S0_-12dB_chunk_008.mat,S0,-12,80,V0,0,0.160183504885317,272,0,2.77555756156289e-17,-1.83987233280894,322,1,0.0140778876044869
T300_S0_-12dB_chunk_009.mat,S0,-12,81,VS,0,0.210803362120049,290,0,2.77555756156289e-17,-1.78919663787995,322,1,0.0224740118197274
T300_S0_-12dB_chunk_009.mat,S0,-12,81,MFT,0,1.55777945464281,117.95,0,1.11022302462516e-16,-0.443752268149025,322,0,0.205083135738311
T300_S0_-12dB_chunk_009.mat,S0,-12,81,MFT,1,1.55334614053773,117.95,0,1.11022302462516e-16,-0.44798138156812,322,0,0.205083135738311
T300_S0_-12dB_chunk_009.mat,S0,-12,81,SUV,0,0.211900983468415,285,0,2.77555756156289e-17,-1.78810436018581,66,1,-0.000277712153287757
T300_S0_-12dB_chunk_009.mat,S0,-12,81,V0,0,0.210803363691056,290,0,2.77555756156289e-17,-1.78919663630894,322,1,0.0141341863727774
T300_S0_-12dB_chunk_009.mat,S0,-12,82,VS,0,0.18300859515772,0,0,2.77555756156289e-17,-1.81699140484228,322,1,0.0468530270882155
T300_S0_-12dB_chunk_009.mat,S0,-12,82,MFT,0,1.71083589960231,177,0,2.22044604925031e-16,-0.289744100095944,322,1,0.39092945329073
T300_S0_-12dB_chunk_009.mat,S0,-12,82,MFT,1,1.70911536970022,177,0,1.11022302462516e-16,-0.2911129864456,322,1,0.39092945329073
T300_S0_-12dB_chunk_009.mat,S0,-12,82,SUV,0,0.182890848515312,0,0,2.77555756156289e-17,-1.81710915148469,66,1,-0.00283733951808807
T300_S0_-12dB_chunk_009.mat,S0,-12,82,V0,0,0.183008595375289,0,0,2.77555756156289e-17,-1.81699140462471,322,1,0.0387759834111353
T300_S0_-12dB_chunk_009.mat,S0,-12,83,VS,0,0.2782508787151,0,0,5.55111512312578e-17,-1.7217491212849,322,1,-0.00133666238345465
T300_S0_-12dB_chunk_009.mat,S0,-12,83,MFT,0,1.60734974704002,93.95,0,1.11022302462516e-16,-0.393294212441496,322,1,0.211871415637676
T300_S0_-12dB_chunk_009.mat,S0,-12,83,SUV,0,0.280615585503539,0,0,5.55111512312578e-17,-1.71938441449646,66,1,0.00331993996919711
T300_S0_-12dB_chunk_009.mat,S0,-12,83,V0,0,0.278250877061713,0,0,5.55111512312578e-17,-1.72174912293829,322,1,0.0353799905808274
T300_S0_-12dB_chunk_009.mat,S0,-12,84,VS,0,0.225499934116877,20,0,2.77555756156289e-17,-1.77450006588312,322,1,0.0162939773113656
T300_S0_-12dB_chunk_009.mat,S0,-12,84,MFT,0,0.757211604569629,272.95,0,2.77555756156289e-17,-1.242948646219,322,1,0.0813476168649789
T300_S0_-12dB_chunk_009.mat,S0,-12,84,SUV,0,0.230696106096535,20.95,0,2.77555756156289e-17,-1.76934488758226,66,1,0.00248550341080989
T300_S0_-12dB_chunk_009.mat,S0,-12,84,V0,0,0.225499934756711,20,0,2.77555756156289e-17,-1.77450006524329,322,1,0.0304568467281544
T300_S0_-12dB_chunk_009.mat,S0,-12,85,VS,0,0.189598646256745,0,0,2.77555756156289e-17,-1.81040135374325,322,1,0.0152447026488235
T300_S0_-12dB_chunk_009.mat,S0,-12,85,MFT,0,1.187,231,0,1.11022302462516e-16,-0.813,322,1,0.369862666668693
T300_S0_-12dB_chunk_009.mat,S0,-12,85,SUV,0,0.187296584223717,12.95,0,2.77555756156289e-17,-1.81271769670237,66,1,-0.00277894920901178
T300_S0_-12dB_chunk_009.mat,S0,-12,85,V0,0,0.189598518250005,0,0,2.77555756156289e-17,-1.81040148174999,322,1,0.0556284853409679
T300_S0_-12dB_chunk_009.mat,S0,-12,86,VS,0,0.275,0,0,5.55111512312578e-17,-1.725,322,1,-0.00354430253687188
T300_S0_-12dB_chunk_009.mat,S0,-12,86,MFT,0,1.62875212062392,229,0,1.11022302462516e-16,-0.371646287874837,322,1,0.295795002903662
T300_S0_-12dB_chunk_009.mat,S0,-12,86,SUV,0,0.28171875,0,0,5.55111512312578e-17,-1.71828125,66,1,-0.0115879049840565
T300_S0_-12dB_chunk_009.mat,S0,-12,86,V0,0,0.275,0,0,5.55111512312578e-17,-1.725,322,1,0.00169226270648914
T300_S0_-12dB_chunk_009.mat,S0,-12,87,VS,0,0.239517324876395,0,0,2.77555756156289e-17,-1.76048267512361,322,1,0.00283408762119408
T300_S0_-12dB_chunk_009.mat,S0,-12,87,MFT,0,1.14881638889739,283.95,0,1.11022302462516e-16,-0.851304187802931,322,1,0.213332225019161
T300_S0_-12dB_chunk_009.mat,S0,-12,87,SUV,0,0.239101590447603,0,0,2.77555756156289e-17,-1.7608984095524,66,1,0.00122636451794944
T300_S0_-12dB_chunk_009.mat,S0,-12,87,V0,0,0.239517272313317,0,0,2.77555756156289e-17,-1.76048272768668,322,1,0.0124951619377203
T300_S0_-12dB_chunk_009.mat,S0,-12,88,VS,0,0.227978012094358,0,0,2.77555756156289e-17,-1.77202198790564,322,1,0.0342870747311995
T300_S0_-12dB_chunk_009.mat,S0,-12,88,MFT,0,1.75169329363862,16,0,1.11022302462516e-16,-0.2487440461451,322,0,0.335925583847389
T300_S0_-12dB_chunk_009.mat,S0,-12,88,SUV,0,0.224676254261176,0,0,2.77555756156289e-17,-1.77532374573882,66,1,-0.00714871235883618
T300_S0_-12dB_chunk_009.mat,S0,-12,88,V0,0,0.227978096745695,0,0,2.77555756156289e-17,-1.77202190325431,322,1,0.0173170533594401
T300_S0_-12dB_chunk_009.mat,S0,-12,89,VS,0,0.245,276,0,2.77555756156289e-17,-1.755,322,1,0.228080502376426
T300_S0_-12dB_chunk_009.mat,S0,-12,89,MFT,0,1.40377952142586,201.95,0,2.22044604925031e-16,-0.596233882145601,322,0,0.247169506809282
T300_S0_-12dB_chunk_009.mat,S0,-12,89,SUV,0,0.327366087539741,277,0,5.55111512312578e-17,-1.67270006404583,66,1,0.0188600451904558
T300_S0_-12dB_chunk_009.mat,S0,-12,89,V0,0,0.245,276,0,2.77555756156289e-17,-1.755,322,1,0.221055664363974
T300_S0_-12dB_chunk_009.mat,S0,-12,90,VS,0,0.173374837308699,299.95,0,2.77555756156289e-17,-1.8266251626913,322,1,0.00171875296950463
T300_S0_-12dB_chunk_009.mat,S0,-12,90,MFT,0,1.87452598339133,253,0,2.77555756156289e-17,-0.126104421438175,322,1,0.409246657826575
T300_S0_-12dB_chunk_009.mat,S0,-12,90,SUV,0,0.172289348604114,299.95,0,2.77555756156289e-17,-1.82771065139589,66,1,0.00183774462405983
T300_S0_-12dB_chunk_009.mat,S0,-12,90,V0,0,0.173374848621611,299.95,0,2.77555756156289e-17,-1.82662515137839,322,1,0.026115481360836
T300_S0_-12dB_chunk_010.mat,S0,-12,91,VS,0,0.194712081148481,299.95,0,2.77555756156289e-17,-1.80528791885152,322,1,0.0359003825279915
T300_S0_-12dB_chunk_010.mat,S0,-12,91,MFT,0,1.95464158572946,299.95,0,5.55111512312578e-17,-0.0453584142705379,322,1,0.441692936753148
T300_S0_-12dB_chunk_010.mat,S0,-12,91,SUV,0,0.193733398782085,299.95,0,2.77555756156289e-17,-1.80626660121792,66,1,0.00575543890586305
T300_S0_-12dB_chunk_010.mat,S0,-12,91,V0,0,0.194712082065591,299.95,0,2.77555756156289e-17,-1.80528791793441,322,1,0.0486688232784248
T300_S0_-12dB_chunk_010.mat,S0,-12,92,VS,0,0.181257260867414,299.95,0,2.77555756156289e-17,-1.81874273913259,322,1,0.0157239806902099
T300_S0_-12dB_chunk_010.mat,S0,-12,92,MFT,0,1.704,233,0,2.22044604925031e-16,-0.296,322,1,0.414802760625943
T300_S0_-12dB_chunk_010.mat,S0,-12,92,SUV,0,0.178667206102048,299.95,0,2.77555756156289e-17,-1.82133279389795,66,1,-0.00604051676001416
T300_S0_-12dB_chunk_010.mat,S0,-12,92,V0,0,0.181257251600143,299.95,0,2.77555756156289e-17,-1.81874274839986,322,1,0.0080663810729803
T300_S0_-12dB_chunk_010.mat,S0,-12,93,VS,0,0.201520327466552,0,0,2.77555756156289e-17,-1.79847967253345,322,1,0.0183986842887759
T300_S0_-12dB_chunk_010.mat,S0,-12,93,MFT,0,1.895,124,0,2.22044604925031e-16,-0.105,322,1,0.483947698911593
T300_S0_-12dB_chunk_010.mat,S0,-12,93,MFT,1,1.895,124,0,2.22044604925031e-16,-0.105,322,1,0.483947698911593
T300_S0_-12dB_chunk_010.mat,S0,-12,93,SUV,0,0.198951603109152,0,0,2.77555756156289e-17,-1.80104839689085,66,1,-0.00673427235822466
T300_S0_-12dB_chunk_010.mat,S0,-12,93,V0,0,0.201520333494254,0,0,2.77555756156289e-17,-1.79847966650575,322,1,0.0203972359045321
T300_S0_-12dB_chunk_010.mat,S0,-12,94,VS,0,0.223439905497199,299.95,0,2.77555756156289e-17,-1.7765600945028,322,1,0.0090646761482952
T300_S0_-12dB_chunk_010.mat,S0,-12,94,MFT,0,1.45381108628628,70.95,0,2.22044604925031e-16,-0.546233146104502,322,0,0.274604261197457
T300_S0_-12dB_chunk_010.mat,S0,-12,94,SUV,0,0.220506878429074,285,0,2.77555756156289e-17,-1.77949796260754,66,1,-0.00219688300188958
T300_S0_-12dB_chunk_010.mat,S0,-12,94,V0,0,0.223439164165651,299.95,0,2.77555756156289e-17,-1.77656083583435,322,1,0.0139043810713596
T300_S0_-12dB_chunk_010.mat,S0,-12,95,VS,0,0.206494062016468,0,0,2.77555756156289e-17,-1.79350593798353,322,1,0.0248147524229031
T300_S0_-12dB_chunk_010.mat,S0,-12,95,MFT,0,1.528,261,0,5.55111512312578e-17,-0.4733375,322,1,0.0992683143834087
T300_S0_-12dB_chunk_010.mat,S0,-12,95,MFT,1,1.51003536792529,261.95,0,2.77555756156289e-17,-0.492319816037357,322,1,0.0992683143834087
T300_S0_-12dB_chunk_010.mat,S0,-12,95,SUV,0,0.202036336357125,12.95,0,2.77555756156289e-17,-1.79796488377747,66,1,0.00506588820470477
T300_S0_-12dB_chunk_010.mat,S0,-12,95,V0,0,0.206488619122874,0,0,2.77555756156289e-17,-1.79351138087713,322,1,0.0135246242289749
T300_S0_-12dB_chunk_010.mat,S0,-12,96,VS,0,0.234958393582128,299.95,0,2.77555756156289e-17,-1.76504160641787,322,1,0.000894239655343299
T300_S0_-12dB_chunk_010.mat,S0,-12,96,MFT,0,1.96161103431784,238.95,0,1.11022302462516e-16,-0.0383937558883959,322,0,0.400730327726419
T300_S0_-12dB_chunk_010.mat,S0,-12,96,SUV,0,0.224611445530882,285,0,2.77555756156289e-17,-1.77542998912596,66,1,0.00122329826093592
T300_S0_-12dB_chunk_010.mat,S0,-12,96,V0,0,0.234958393588156,299.95,0,2.77555756156289e-17,-1.76504160641184,322,1,0.00398018845484838
T300_S0_-12dB_chunk_010.mat,S0,-12,97,VS,0,0.242986728683258,299.95,0,2.77555756156289e-17,-1.75701327131674,322,1,0.0245767390581466
T300_S0_-12dB_chunk_010.mat,S0,-12,97,MFT,0,1.82308150512491,142,0,1.11022302462516e-16,-0.177104437795844,322,1,0.403081881948813
T300_S0_-12dB_chunk_010.mat,S0,-12,97,SUV,0,0.244777111458353,285,0,2.77555756156289e-17,-1.75522677177828,66,1,-0.00708746229690749
T300_S0_-12dB_chunk_010.mat,S0,-12,97,V0,0,0.242987098390209,299.95,0,2.77555756156289e-17,-1.75701290160979,322,1,0.0362065246875845
T300_S0_-12dB_chunk_010.mat,S0,-12,98,VS,0,0.245670887452726,0,0,2.77555756156289e-17,-1.75432911254727,322,1,0.0472417796494619
T300_S0_-12dB_chunk_010.mat,S0,-12,98,MFT,0,1.841,155,0,5.55111512312578e-17,-0.159,322,1,0.297223170388164
T300_S0_-12dB_chunk_010.mat,S0,-12,98,SUV,0,0.246197368725223,12.95,0,2.77555756156289e-17,-1.75383151847215,66,1,-0.00323409798589447
T300_S0_-12dB_chunk_010.mat,S0,-12,98,V0,0,0.245670884313723,0,0,2.77555756156289e-17,-1.75432911568628,322,1,0.0286437132089961
T300_S0_-12dB_chunk_010.mat,S0,-12,99,VS,0,0.182921685954825,299.95,0,2.77555756156289e-17,-1.81707831404517,322,1,-0.00387088209251185
T300_S0_-12dB_chunk_010.mat,S0,-12,99,MFT,0,1.88697807767173,56.95,0,1.11022302462516e-16,-0.113315711941748,322,1,0.386391133254888
T300_S0_-12dB_chunk_010.mat,S0,-12,99,SUV,0,0.18440442616368,277,0,2.77555756156289e-17,-1.81561471964421,66,1,0.0185286523491602
T300_S0_-12dB_chunk_010.mat,S0,-12,99,V0,0,0.182921782978269,299.95,0,2.77555756156289e-17,-1.81707821702173,322,1,0.00579129123117583
T300_S0_-12dB_chunk_010.mat,S0,-12,100,VS,0,0.204517637875161,0,0,2.77555756156289e-17,-1.79548236212484,322,1,-0.00293138864400189
T300_S0_-12dB_chunk_010.mat,S0,-12,100,MFT,0,1.92304437726603,198,0,5.55111512312578e-17,-0.0772961418021052,322,0,0.171597657422546
T300_S0_-12dB_chunk_010.mat,S0,-12,100,MFT,1,1.92288823840236,198,0,2.22044604925031e-16,-0.0774517907406019,322,0,0.171597657422546
T300_S0_-12dB_chunk_010.mat,S0,-12,100,SUV,0,0.202300078122503,0,0,2.77555756156289e-17,-1.7976999218775,66,1,0.00459326865805465
T300_S0_-12dB_chunk_010.mat,S0,-12,100,V0,0,0.20451762852316,0,0,2.77555756156289e-17,-1.79548237147684,322,1,0.0339429805833579
