source_file,sha256
D:\论文集\phaseA\code\build_full_baseband.m,4ee5b33c667966c6f09d896b18a838da1603a225c678f65208f24451e85803fb
D:\论文集\phaseA\code\compute_lofar.m,026cfe4e82e669f10453a9982bcbafc39a82030ab62543a0c9a29f9da8de627a
D:\论文集\phaseA\code\phaseA_load_baseband.m,99cbd3469df3b9bfc414d6b72497df16229dda2b2812d0da9d2260479b738810
D:\论文集\phaseC\E4a_track_only_pilot_20260925\source_snapshot\band_logT.m,7c1fa0fefbe52d89eb66212f82ae4663e1c6bb36f7a2194638ad2e363abfec46
D:\论文集\phaseC\E4a_track_only_pilot_20260925\source_snapshot\build_family.m,f23ffb53bd16a5644dc7566d93ddeba7b053ebdd4b323dccb1029fe7bf7487ca
D:\论文集\phaseC\E4a_track_only_pilot_20260925\source_snapshot\common_frontend.m,1812cfd4376bedf859c825a20b4687aa193c8829a64b31b34881f85b29747ebf
D:\论文集\phaseC\E4a_track_only_pilot_20260925\source_snapshot\czt_match.m,fb5f4a7d32bc9e65d62f317008979ad13eb60eb6c9de2e59aabbfa03c4ef8f79
D:\论文集\phaseC\E4a_track_only_pilot_20260925\source_snapshot\dp_viterbi.m,429e468f73aa480c424f1013c1aa810e583039fc505983b36f6d0fb914776804
D:\论文集\phaseC\E4a_track_only_pilot_20260925\source_snapshot\envelope_h.m,05c41c17e5260105e8ed12a29d183f08f6e13b5bfd448f589c1ae884a35344d1
D:\论文集\phaseC\E4a_track_only_pilot_20260925\source_snapshot\estimate_b1.m,7f7638f55650da08842021df64234fc28468cd3cb00e8c53a432ef8786f87c0f
D:\论文集\phaseC\E4a_track_only_pilot_20260925\source_snapshot\estimate_b2.m,b4c0ecf5a5bbda71b9a25253288cdaeaaae6dd378db72cf61a41b2b5b3ab87a6
D:\论文集\phaseC\E4a_track_only_pilot_20260925\source_snapshot\geometry_tau.m,0733b2d51390a5d83b48a131ca9f1375838aea0cb7f32675111f1389b3b98cf9
D:\论文集\phaseC\E4a_track_only_pilot_20260925\source_snapshot\interp_const.m,ae7c9306e3cbfe11970f821152bebb25e0bf374dbd28b5b4a85da830de8a880f
D:\论文集\phaseC\E4a_track_only_pilot_20260925\source_snapshot\make_jobs.m,0576b5b11020dc6ffdb2142ec79744f6f1e60da016a9c3e96a147fe0b20f1855
D:\论文集\phaseC\E4a_track_only_pilot_20260925\source_snapshot\mft_config.m,78582227091f40af6e26820683888a63b52fc7383c0b0356aa573b88a7c87c94
D:\论文集\phaseC\E4a_track_only_pilot_20260925\source_snapshot\mft_seed.m,9830c2f384999b2d2a37cedf58dbd11ff86cccbfa0b2021f903433b83e24fc98
D:\论文集\phaseC\E4a_track_only_pilot_20260925\source_snapshot\run_e4a_track_only.m,f5a09722e18297f710b4d6214e5fcaa04aeb1207ab2cd2ae4b0bd18e31a71b42
D:\论文集\phaseC\E4a_track_only_pilot_20260925\source_snapshot\second_difference_matrix.m,3a8b61118f88973909320539fb340948cfcf99709dcfa16482873b138b68e0ae
D:\论文集\phaseC\E4a_track_only_pilot_20260925\source_snapshot\simulate_baseband.m,caf74197f607d247660c550f83f72b6b49414b5e4d9e1b706228fec354e22dcf
D:\论文集\phaseD\code\analyze_phaseD_dev.py,43d7475e946f5730a92c81a0ecb15cfa8fb719324471634bc73e759d63db468b
D:\论文集\phaseD\code\build_family_T.m,98336384fe29a4b994e6e3b0f7b67473570feccf86bb16b6b9a17461e96c2344
D:\论文集\phaseD\code\estimate_proposed_T.m,b58931a38ec5ef0e45987072e12f89b481cbff69e405120b00d57fafe3a85315
D:\论文集\phaseD\code\estimate_suvorova_D.m,1765ede3155f6262c40dd9ffb53cb6c9d6cd791ded0446cb1b11dd5a1f286ff9
D:\论文集\phaseD\code\phaseD_ada.m,343d95bbbef10d63f50aa62cc967a570754c0bac18f4ff1d7a90d93bfdfe85f3
D:\论文集\phaseD\code\phaseD_ada_prefix.m,32fe197add5c1ff888bdd837956f49eeb9bd2fffe93a8234417d1ae33f31e75a
D:\论文集\phaseD\code\phaseD_bootstrap.m,88cf5810fce40cece570ea2b7ed93e07452e3dc3a510a8ee71825b9d90c94e58
D:\论文集\phaseD\code\phaseD_d1_one.m,954057a67a2985ffbda76512e7fef456a8e7337579212f221a9db76772d51daf
D:\论文集\phaseD\code\phaseD_d2_one.m,0301d0ccca446a39b017248179bf8a64749dca54b9ef63a6db97207a1960f01b
D:\论文集\phaseD\code\phaseD_dwell.m,c82079616a7bc68d6a0911e3200ff9526b0b232ef6eb1eff79c5c8198113daf7
D:\论文集\phaseD\code\phaseD_hash.m,5aa7cabbe5b85cee91e637ffb791c6715d07a66a1a6f3522790a293395348259
D:\论文集\phaseD\code\phaseD_json.m,2028baa8bff6da3f8457d38e479fd8d69e2a765e3799bb377a9bf28096c70d5c
D:\论文集\phaseD\code\phaseD_measure.m,cc446b4d46fb3524b605440ffd37762a32f41c946ff67e2b9fb5b72e3e7a5867
D:\论文集\phaseD\code\phaseD_record.m,71d3c9f53dbdfa142da47fe0d3c6ded0a1d014e4113c616bafdfe2492ec90c64
D:\论文集\phaseD\code\phaseD_regularization.m,d3fabcb6bd4960a78be6342831eb2885b7042e16398b7991e49bf63b51676ba8
D:\论文集\phaseD\code\phaseD_row.m,8b9197459227e09ef2b2dff56d577a15d36566f1172fc96ef783da42863b273f
D:\论文集\phaseD\code\phaseD_setup.m,730dc8b03d95b893bfa922339f8ed257cb65bebcbe140f04a61aa7c8ceeb2b5b
D:\论文集\phaseD\code\phaseD_skill_check.py,a416999d9386528c0cd27b358df601a18bd6ed66e22efc71cf9d9031394b0434
D:\论文集\phaseD\code\plot_phaseD_dev.py,305babdd1af49e3cfcf4ae4e0b08dc24d28476577cb32e0e0b6bfe98434376ae
D:\论文集\phaseD\code\prepare_phaseD_sources.py,e1e17212f3ae46303ba41ea37b7c8766837896b03a04a66d7a8712a663ce6b4a
D:\论文集\phaseD\code\run_phaseD_batch.m,de67560a9207cb402c1bad12c39176d964b7f39b438350188d7d8ad7441212e4
D:\论文集\phaseD\code\run_phaseD_dev.ps1,bb6fb367fa88a872cfef8749f09146fae28858c7fc7928d0a713ec8977bc1992
D:\论文集\phaseD\code\run_phaseD_gates.m,663417704af9c996ad3b07ff4d13c7c4a336bfcfe8f209b44ae7e5f990ee3b32
D:\论文集\phaseD\code\simulate_baseband_T.m,23ac11047e7cdf20e30446291ca9c3783eaf7d7450a5577b71fa5c8cf38c5462
D:\论文集\phaseD\PREREGISTRATION_PhaseD_20261003.md,af3ab68bbdfd8ecefbd042e9faaac001a16c28a8f73a2fc071b3e315a6090df5
D:\论文集\phaseD\PREREGISTRATION_PhaseD_ADDENDUM_20261003.md,fa6ccd779cb2ecfdff250778571963cdc77a170c187a95f85978a15638400344
D:\论文集\研究工作台\MATLAB实验\mft_real_inject\analyze_real_inject.m,dc701ef343bf02954b3f50d7eb5c29b6d36c776d830a4b893a79d34ee865cc27
D:\论文集\研究工作台\MATLAB实验\mft_real_inject\band_logT.m,7c1fa0fefbe52d89eb66212f82ae4663e1c6bb36f7a2194638ad2e363abfec46
D:\论文集\研究工作台\MATLAB实验\mft_real_inject\build_family.m,f23ffb53bd16a5644dc7566d93ddeba7b053ebdd4b323dccb1029fe7bf7487ca
D:\论文集\研究工作台\MATLAB实验\mft_real_inject\coherence_objective.m,24b6524d5a3ab5e5bbce02e230f948c3c49a907568467f06df181efc597d45e4
D:\论文集\研究工作台\MATLAB实验\mft_real_inject\common_frontend.m,1812cfd4376bedf859c825a20b4687aa193c8829a64b31b34881f85b29747ebf
D:\论文集\研究工作台\MATLAB实验\mft_real_inject\czt_match.m,fb5f4a7d32bc9e65d62f317008979ad13eb60eb6c9de2e59aabbfa03c4ef8f79
D:\论文集\研究工作台\MATLAB实验\mft_real_inject\dp_viterbi.m,429e468f73aa480c424f1013c1aa810e583039fc505983b36f6d0fb914776804
D:\论文集\研究工作台\MATLAB实验\mft_real_inject\ensure_pool.m,1b0dc690ac08def51c319ef66a8d106ca7f13eca8df5b3eb3e27591952cd5eea
D:\论文集\研究工作台\MATLAB实验\mft_real_inject\envelope_h.m,05c41c17e5260105e8ed12a29d183f08f6e13b5bfd448f589c1ae884a35344d1
D:\论文集\研究工作台\MATLAB实验\mft_real_inject\estimate_b0.m,79fdb60e263d5fe80888c28e97140395f0413480a72d631d937266795ca6135f
D:\论文集\研究工作台\MATLAB实验\mft_real_inject\estimate_b1.m,7f7638f55650da08842021df64234fc28468cd3cb00e8c53a432ef8786f87c0f
D:\论文集\研究工作台\MATLAB实验\mft_real_inject\estimate_b2.m,b4c0ecf5a5bbda71b9a25253288cdaeaaae6dd378db72cf61a41b2b5b3ab87a6
D:\论文集\研究工作台\MATLAB实验\mft_real_inject\estimate_proposed.m,9ad7ea9bbc67e2da4c723a9ab3ce90a6543e4d49454e9ed6a43ee8199088b549
D:\论文集\研究工作台\MATLAB实验\mft_real_inject\evaluate_record.m,24ae477a3fdf86878be2d9ae2cad99e60a27e24158fa01b080b18639a500bcac
D:\论文集\研究工作台\MATLAB实验\mft_real_inject\geometry_tau.m,0733b2d51390a5d83b48a131ca9f1375838aea0cb7f32675111f1389b3b98cf9
D:\论文集\研究工作台\MATLAB实验\mft_real_inject\interp_const.m,ae7c9306e3cbfe11970f821152bebb25e0bf374dbd28b5b4a85da830de8a880f
D:\论文集\研究工作台\MATLAB实验\mft_real_inject\load_real_baseband.m,cb2d0b1bdc4255660297ad9d2878bf34556bbe4f5d3041e6b60f169e55d5253b
D:\论文集\研究工作台\MATLAB实验\mft_real_inject\make_blocks.m,840b3478551daa8207e08e64da070d1805bee896a8e044b192a5233d70f10060
D:\论文集\研究工作台\MATLAB实验\mft_real_inject\make_figures_real.m,cf6763dc852cabac6490f0bca9b4e486b8b17059fa29817d37986b0730265db2
D:\论文集\研究工作台\MATLAB实验\mft_real_inject\make_jobs.m,0576b5b11020dc6ffdb2142ec79744f6f1e60da016a9c3e96a147fe0b20f1855
D:\论文集\研究工作台\MATLAB实验\mft_real_inject\mft_config.m,1718d64cda2bcbcdae21ad4e5198305daf803dafb8a1f30a7e5f84b90287e0f5
D:\论文集\研究工作台\MATLAB实验\mft_real_inject\mft_seed.m,9830c2f384999b2d2a37cedf58dbd11ff86cccbfa0b2021f903433b83e24fc98
D:\论文集\研究工作台\MATLAB实验\mft_real_inject\pctl.m,5768c39795368571a7471f12656cf0574b8dcf0fabf5a7106975eaf2ed027f8e
D:\论文集\研究工作台\MATLAB实验\mft_real_inject\real_config.m,f2ddbebb3c82c00c44effbdd14c80f17db07ac6f85597022d5e0578995e1202b
D:\论文集\研究工作台\MATLAB实验\mft_real_inject\run_bg_check.m,328ac999b57a8f5286a3e00cfb962c2d435dcad0362e763aaee5b1b8738a7b97
D:\论文集\研究工作台\MATLAB实验\mft_real_inject\run_real_inject.m,aadc64206c2a92b648ddcb0d7641df52cab123abb293d2c66c62fc27034f9bbd
D:\论文集\研究工作台\MATLAB实验\mft_real_inject\run_record.m,42a9d9ca7e8ffe08c1c763f02489ec1ffd1f0699deb039d0f1c426ed96e014dd
D:\论文集\研究工作台\MATLAB实验\mft_real_inject\second_difference_matrix.m,3a8b61118f88973909320539fb340948cfcf99709dcfa16482873b138b68e0ae
D:\论文集\研究工作台\MATLAB实验\mft_real_inject\simulate_baseband.m,caf74197f607d247660c550f83f72b6b49414b5e4d9e1b706228fec354e22dcf
D:\论文集\研究工作台\MATLAB实验\mft_real_inject\sio_read_channel.m,de675b9e52ef1aeac1158e458c7182f7ecbf922c59b2e6fd2719ff798d2fbf9b
D:\论文集\研究工作台\MATLAB实验\mft_real_inject\sioread.m,16a0052e75fded167afbdd2392d9e26925c4f0935b8fbdfd3394cb9f01c78676
D:\论文集\研究工作台\MATLAB实验\mft_real_inject\wilson_interval.m,75805f9aa9a9ddefd54ffe4bf2b4e503fe1d388a2938e435bd8da1a9957653d9
D:\论文集\研究工作台\MATLAB实验\mft_week4_module\analyze_expB.m,24d777a587c93723b48847300952d36ec202afbc5fa45f5015c0b1630cb68fb6
D:\论文集\研究工作台\MATLAB实验\mft_week4_module\analyze_expB_matched.m,6f4706fa7a1b288b3e548dd50c249dae1d2035d1e10cef07ae30703b591020de
D:\论文集\研究工作台\MATLAB实验\mft_week4_module\analyze_expB_rmse_vs_eta.m,cd7fc073a25f2d3aa4f598ae1cd84b0fc86d966bab586dc4183b653ec6b89081
D:\论文集\研究工作台\MATLAB实验\mft_week4_module\band_logT.m,7c1fa0fefbe52d89eb66212f82ae4663e1c6bb36f7a2194638ad2e363abfec46
D:\论文集\研究工作台\MATLAB实验\mft_week4_module\batch_columns.m,8487d40dc23f304e8bcdb2d29689e8e6c38d91a5f17024a9c4f8c89a151b0db7
D:\论文集\研究工作台\MATLAB实验\mft_week4_module\build_family.m,f23ffb53bd16a5644dc7566d93ddeba7b053ebdd4b323dccb1029fe7bf7487ca
D:\论文集\研究工作台\MATLAB实验\mft_week4_module\cluster_draws.m,e3d5db9995419d40970567066860a359783330d41b5eee80a9b35d7a5aeac71f
D:\论文集\研究工作台\MATLAB实验\mft_week4_module\cluster_map.m,16c77eaabbfe753dc2f2657779dd289afb0e3c0c7192f7a6f5cff3a74bd57815
D:\论文集\研究工作台\MATLAB实验\mft_week4_module\coherence_objective.m,24b6524d5a3ab5e5bbce02e230f948c3c49a907568467f06df181efc597d45e4
D:\论文集\研究工作台\MATLAB实验\mft_week4_module\common_frontend.m,1812cfd4376bedf859c825a20b4687aa193c8829a64b31b34881f85b29747ebf
D:\论文集\研究工作台\MATLAB实验\mft_week4_module\czt_match.m,fb5f4a7d32bc9e65d62f317008979ad13eb60eb6c9de2e59aabbfa03c4ef8f79
D:\论文集\研究工作台\MATLAB实验\mft_week4_module\dp_viterbi.m,429e468f73aa480c424f1013c1aa810e583039fc505983b36f6d0fb914776804
D:\论文集\研究工作台\MATLAB实验\mft_week4_module\ensure_pool.m,1b0dc690ac08def51c319ef66a8d106ca7f13eca8df5b3eb3e27591952cd5eea
D:\论文集\研究工作台\MATLAB实验\mft_week4_module\envelope_h.m,05c41c17e5260105e8ed12a29d183f08f6e13b5bfd448f589c1ae884a35344d1
D:\论文集\研究工作台\MATLAB实验\mft_week4_module\estimate_b0.m,79fdb60e263d5fe80888c28e97140395f0413480a72d631d937266795ca6135f
D:\论文集\研究工作台\MATLAB实验\mft_week4_module\estimate_b1.m,7f7638f55650da08842021df64234fc28468cd3cb00e8c53a432ef8786f87c0f
D:\论文集\研究工作台\MATLAB实验\mft_week4_module\estimate_b2.m,b4c0ecf5a5bbda71b9a25253288cdaeaaae6dd378db72cf61a41b2b5b3ab87a6
D:\论文集\研究工作台\MATLAB实验\mft_week4_module\estimate_proposed.m,9ad7ea9bbc67e2da4c723a9ab3ce90a6543e4d49454e9ed6a43ee8199088b549
D:\论文集\研究工作台\MATLAB实验\mft_week4_module\estimate_refine.m,0ba628ff2fd4e316b998ecbffb2d389f743786fbe56566b101d39927f1b962e5
D:\论文集\研究工作台\MATLAB实验\mft_week4_module\estimate_suvorova.m,9f0451d343064970728f92e76458babbfa160ed7aba0f6bc327afffe588071f7
D:\论文集\研究工作台\MATLAB实验\mft_week4_module\evaluate_record.m,24ae477a3fdf86878be2d9ae2cad99e60a27e24158fa01b080b18639a500bcac
D:\论文集\研究工作台\MATLAB实验\mft_week4_module\geometry_tau.m,0733b2d51390a5d83b48a131ca9f1375838aea0cb7f32675111f1389b3b98cf9
D:\论文集\研究工作台\MATLAB实验\mft_week4_module\interp_const.m,ae7c9306e3cbfe11970f821152bebb25e0bf374dbd28b5b4a85da830de8a880f
D:\论文集\研究工作台\MATLAB实验\mft_week4_module\make_blocks.m,840b3478551daa8207e08e64da070d1805bee896a8e044b192a5233d70f10060
D:\论文集\研究工作台\MATLAB实验\mft_week4_module\make_figure_expA.m,f26b6570482041e69b0a1eaa641fb0445c768a25aa550585445f6a40416edaab
D:\论文集\研究工作台\MATLAB实验\mft_week4_module\make_figure_expB.m,febff1d7a18a42a19da25df59735737390e5a11ab7be4cdeb47d47d3216958e1
D:\论文集\研究工作台\MATLAB实验\mft_week4_module\make_figure_geometry.m,2fb61c6f9ad5433ef2f693573a905e31593539ecc1a17a715d4baff2e9741eb0
D:\论文集\研究工作台\MATLAB实验\mft_week4_module\make_figure_module.m,9dc2df13c66e7a79ec0dc4e57ff959ac0cf44f3d7ac00448e4ddc4613647f986
D:\论文集\研究工作台\MATLAB实验\mft_week4_module\make_jobs.m,0576b5b11020dc6ffdb2142ec79744f6f1e60da016a9c3e96a147fe0b20f1855
D:\论文集\研究工作台\MATLAB实验\mft_week4_module\mft_config.m,78582227091f40af6e26820683888a63b52fc7383c0b0356aa573b88a7c87c94
D:\论文集\研究工作台\MATLAB实验\mft_week4_module\mft_seed.m,9830c2f384999b2d2a37cedf58dbd11ff86cccbfa0b2021f903433b83e24fc98
D:\论文集\研究工作台\MATLAB实验\mft_week4_module\pctl.m,5768c39795368571a7471f12656cf0574b8dcf0fabf5a7106975eaf2ed027f8e
D:\论文集\研究工作台\MATLAB实验\mft_week4_module\run_all_w4.m,f6dff88f689237ed867595cde056453f605e447777efc0bcf645f1c1efab6a92
D:\论文集\研究工作台\MATLAB实验\mft_week4_module\run_e4a_track_only.m,f5a09722e18297f710b4d6214e5fcaa04aeb1207ab2cd2ae4b0bd18e31a71b42
D:\论文集\研究工作台\MATLAB实验\mft_week4_module\run_expA_mechanism.m,48d858a3403c203a5efda5cd1ae5d6de040a3b88415934f0488a135314dcf479
D:\论文集\研究工作台\MATLAB实验\mft_week4_module\run_expB_crossfrontend.m,1df19c7848865f1fd804333c7fe9914b68b3e9f261ed3b44d6ae8898c1095225
D:\论文集\研究工作台\MATLAB实验\mft_week4_module\run_record.m,42a9d9ca7e8ffe08c1c763f02489ec1ffd1f0699deb039d0f1c426ed96e014dd
D:\论文集\研究工作台\MATLAB实验\mft_week4_module\second_difference_matrix.m,3a8b61118f88973909320539fb340948cfcf99709dcfa16482873b138b68e0ae
D:\论文集\研究工作台\MATLAB实验\mft_week4_module\simulate_baseband.m,caf74197f607d247660c550f83f72b6b49414b5e4d9e1b706228fec354e22dcf
D:\论文集\研究工作台\MATLAB实验\mft_week4_module\suvorova_config.m,26057717311157a0a48386620cf6d65bb9db9f492d5f9a37a4e6c1abbb1817c6
D:\论文集\研究工作台\MATLAB实验\mft_week4_module\suvorova_transition.m,8368df7903ca0b836821e5fdaad00a06d789180e345b6f7a9a9bc5a7ca4a028d
D:\论文集\研究工作台\MATLAB实验\mft_week4_module\wilson_interval.m,75805f9aa9a9ddefd54ffe4bf2b4e503fe1d388a2938e435bd8da1a9957653d9
D:\论文集\研究工作台\MATLAB实验\mft_week4_module\write_run_snapshot.m,a0651c34a01df923db521ef2f7318dff94f3c24695817a8af558f344d08248fa
