label,recomputed,stored,abs_difference,passed,note
D1 S0 Delta=20 eta,0.7097891479476802,0.7097891479476801,1.1102230246251565e-16,True,
D1 S0 Delta=10 eta,0.7097853666112723,0.7097853666112726,2.220446049250313e-16,True,
D1 S0 Delta=6 eta,0.7096696814246616,0.7096696814246619,3.3306690738754696e-16,True,
D1 S2 Delta=20 eta,0.5373958060856233,0.5373958060856233,0.0,True,
D1 S2 Delta=10 eta,0.5804025439428503,0.5804025439428504,1.1102230246251565e-16,True,
D1 S2 Delta=6 eta,0.5874671818417855,0.5874671818417857,2.220446049250313e-16,True,
D1 pooled Delta=20 runtime median,1.4014731,1.4014731,0.0,True,
D1 pooled Delta=10 runtime median,3.0271547500000002,3.02715475,4.440892098500626e-16,True,
D1 pooled Delta=6 runtime median,7.605165100000001,7.605165100000001,0.0,True,
D2 S2 F04 harm,0.3476190476190476,0.3476190476190475,1.1102230246251565e-16,True,
D2 S2 F04 gain,0.010172225736460466,0.0101722257364604,6.591949208711867e-17,True,
D2 S2 ADA_local_c04_t30_A harm,0.023809523809523808,0.0238095238095238,6.938893903907228e-18,True,
D2 S2 ADA_local_c04_t30_A gain,0.013519042358686778,0.0135190423586867,7.806255641895632e-17,True,
D2 S2 ADA_local_c04_t10_A harm,0.13809523809523808,0.138095238095238,8.326672684688674e-17,True,
D2 S2 ADA_local_c04_t10_A gain,0.019706980779386957,0.0197069807793869,5.551115123125783e-17,True,
D2 S2 ADA_local_c04_t45_A harm,0.0071428571428571435,0.0071428571428571,4.336808689942018e-17,True,
D2 S2 ADA_local_c04_t45_A gain,0.006929999265454898,0.0069299992654548,9.80118763926896e-17,True,
C ADA_local_c04_t30_A runtime median,2.7989667000000003,2.7989667000000003,0.0,True,
C ADA_local_c04_t30_A runtime p90,5.855612539999999,5.855612539999999,0.0,True,
C F02 runtime median,2.65256095,2.65256095,0.0,True,
C F02 runtime p90,3.8205159,3.8205159,0.0,True,
C SMR runtime median,0.2001028,0.2001028,0.0,True,
C SMR runtime p90,0.29763111999999997,0.2976311199999999,5.551115123125783e-17,True,
lambda,0.005151315789473684,0.005151315789473684,0.0,True,
lambda_F,0.5151315789473684,0.5151315789473684,0.0,True,
