scene,method,Delta_s,gain,max_gain,ratio,passes_95pct
S0,F02,6.0,0.17084195484216091,0.17096142136517936,0.999301207710696,True
S0,F02,7.5,0.17026530691407543,0.17096142136517936,0.995928236642248,True
S0,F02,10.0,0.1709576400287715,0.17096142136517936,0.9999778819316214,True
S0,F02,15.0,0.16988182314101333,0.17096142136517936,0.9936851354209323,True
S0,F02,20.0,0.17096142136517936,0.17096142136517936,1.0,True
S0,F02,30.0,0.16236184371609125,0.17096142136517936,0.9496987239552769,False
S0,F02,60.0,0.13396955068781885,0.17096142136517936,0.7836244552603209,False
S0,UNB,6.0,0.18032852401366442,0.18155111059918075,0.9932658820897247,True
S0,UNB,7.5,0.17993461178714196,0.18155111059918075,0.991096177783194,True
S0,UNB,10.0,0.179708124052349,0.18155111059918075,0.9898486627773895,True
S0,UNB,15.0,0.17982461973987915,0.18155111059918075,0.990490331600817,True
S0,UNB,20.0,0.18155111059918075,0.18155111059918075,1.0,True
S0,UNB,30.0,0.1703644629245124,0.18155111059918075,0.938382928984854,False
S0,UNB,60.0,0.14319046463020738,0.18155111059918075,0.7887060792832932,False
S2,F02,6.0,0.1953086924254103,0.1953086924254103,1.0,True
S2,F02,7.5,0.19424193042653373,0.1953086924254103,0.9945380720866586,True
S2,F02,10.0,0.18824405452647502,0.1953086924254103,0.9638283487990003,True
S2,F02,15.0,0.1624658198250692,0.1953086924254103,0.8318412140673973,False
S2,F02,20.0,0.14523731666924808,0.1953086924254103,0.743629558242602,False
S2,F02,30.0,0.0977890577770367,0.1953086924254103,0.5006897366556432,False
S2,F02,60.0,-0.04069600210208512,0.1953086924254103,-0.2083675928434532,False
S2,UNB,6.0,0.196488807530131,0.196488807530131,1.0,True
S2,UNB,7.5,0.19466693866026943,0.196488807530131,0.9907278745656686,True
S2,UNB,10.0,0.19403988553402934,0.196488807530131,0.9875365827352475,True
S2,UNB,15.0,0.1959232582574225,0.196488807530131,0.9971217227087004,True
S2,UNB,20.0,0.17354933852489693,0.196488807530131,0.8832530499137139,False
S2,UNB,30.0,0.13542499042799658,0.196488807530131,0.6892249595806088,False
S2,UNB,60.0,-0.07233201314477537,0.196488807530131,-0.36812281602189206,False
