tone_hz,start_s,source_set,source_level_inferred,gain_ADA_minus_SMR_db,gain_ADA_minus_F02_db,triggered,uncompensated_peak_within_nominal_half_hz,SMR_track_mean_hz,ADA_track_mean_hz,SMR_track_fraction_outside_nominal_half_hz,SMR_max_residual_hz,ADA_max_residual_hz,max_residual_shift_hz,saved_FFT_max_abs_error
52,600,2,False,0.8305985222244296,1.838305537758798,1,51.849853515625,53.49072909038999,53.484780609838026,1.0,1.2808227539062003,0.0,-1.2808227539062003,4.31032276537735e-09
52,900,2,False,0.09470622386842766,0.0,0,51.5535278320312,51.023389243844065,51.02404964926046,1.0,0.000915527343799738,0.0,-0.000915527343799738,4.6609784476459026e-08
52,2400,2,False,4.11043028082562,0.10937266531945342,1,52.4861450195312,52.415367280856955,52.414002717915885,0.2813333333333333,-0.003967285156200262,0.0,0.003967285156200262,9.648829291108996e-09
61,2100,5,True,2.578387506633961,0.5367888250308943,1,60.627685546875,60.6309514431669,60.63280883979535,0.0,0.006103515625,0.0,-0.006103515625,2.838532964233309e-09
100,600,3,False,1.8943059488463518,0.0,0,100.204162597656,100.20175566678257,100.20431540925874,0.0,0.0009155273440057954,0.0,-0.0009155273440057954,9.20153979677707e-08
100,900,3,False,1.74368050511965,0.0,0,100.169067382812,100.13540927453863,100.13686261392832,0.0,0.0,0.0,0.0,4.590583557728678e-08
100,1200,3,False,1.0918323163469899,0.0,0,99.9945068359375,100.02968988692867,100.02517824044756,0.0,0.0,0.0,0.0,1.2216332834213972e-08
100,1500,3,False,1.0265047368363118,0.0,0,99.9700927734375,99.98299582844524,99.97959845052144,0.0,-0.0003051757811931566,0.0,0.0003051757811931566,7.0031092036515474e-09
100,1800,3,False,2.7420993915557483,0.0,0,99.9655151367188,99.95604954731627,99.96247646864725,0.0,-0.0015258789061931566,0.0,0.0015258789061931566,5.713445716537535e-09
103,900,4,False,0.1757764753507307,0.0,0,102.886474609375,103.00985720344922,103.0088611769973,0.0,-0.0003051757809942046,0.0,0.0003051757809942046,5.977199180051684e-08
103,1200,4,False,1.6079355821458732,0.0,0,102.645385742188,102.38673197111098,102.38785919772668,0.665,-0.00183105468799738,0.0,0.00183105468799738,6.320624379441142e-08
118,1500,3,False,4.0911149516068255,0.7450874780713534,1,118.346984863281,118.73744971797296,118.73246802864857,1.0,-0.0021362304690057954,0.0,0.0021362304690057954,2.790966391330585e-08
121,0,4,False,0.11587161551807808,0.0,0,120.663696289062,122.49116780893424,122.49647799154833,1.0,-1.2445068359379974,0.0003051757809942046,1.2448120117189916,3.7113068174221553e-09
133,1200,2,False,2.9155598514871484,-0.19191684761588682,1,132.928588867188,131.51183550927846,131.50948221406682,1.0,1.3992309570309942,-1.4877319335940058,-2.886962890625,7.733660822850652e-09
136,900,3,False,3.085423309407351,0.0,0,136.066833496094,136.0895099640031,136.09322953367757,0.0,0.0018310546880115908,0.0,-0.0018310546880115908,1.0639723768690601e-08
