scene,snr_db,eta_in,eta_out,gain_eta,harm,input_usable
GEO,-20,0.06635013506550372,0.11784700060384669,0.051496865538342956,0.002777777777777778,0.14722222222222223
GEO,-19,0.17488975232768775,0.30208126138734964,0.1271915090596619,0.005555555555555556,0.3972222222222222
GEO,-18,0.33612187007924405,0.5487437088193056,0.21262183874006146,0.005555555555555556,0.6777777777777778
GEO,-17,0.5180058036859648,0.7654016676413716,0.24739586395540675,0.002777777777777778,0.8888888888888888
GEO,-16,0.6569381331416884,0.8828066393498858,0.22586850620819748,0.002777777777777778,0.9833333333333333
GEO,-15,0.7563589335099605,0.916706168803372,0.16034723529341147,0.005555555555555556,0.9944444444444445
GEO,-14,0.8335260535782494,0.9431914382699975,0.10966538469174811,0.013888888888888888,0.9972222222222222
GPS,-20,0.22382154248663488,0.24830887922302441,0.024487336736389507,0.21666666666666667,0.95
GPS,-19,0.2835189569860559,0.38810290253639995,0.10458394555034409,0.12222222222222222,0.9388888888888889
GPS,-18,0.4098751443402535,0.6048406756064465,0.19496553126619295,0.03611111111111111,0.975
GPS,-17,0.5932264915577907,0.8242671559809984,0.23104066442320764,0.002777777777777778,0.9944444444444445
GPS,-16,0.7187122743491552,0.9164691019596152,0.19775682761046,0.011111111111111112,1.0
GPS,-15,0.8059956333326029,0.9400266614662814,0.13403102813367845,0.011111111111111112,1.0
GPS,-14,0.8638952009925627,0.9549659568566101,0.09107075586404725,0.019444444444444445,1.0
