tone,seg,group,gain,rms_mHz,max_mHz,frac_var_period_gt60,phase_change_s2
49,0,strong,0.169267604769705,3.4647209184148364,12.866319108503887,0.7085284627919733,0.1347966681049209
49,300,strong,1.21074956468682,6.72483715427474,25.27303492789912,0.8345505804784503,1.023075374340236
49,600,strong,0.588440497907395,12.188288247088709,34.265769654901135,0.9526509033845798,3.07023788788954
49,900,strong,0.0118569326351699,0.7178858840694942,4.456044368197354,0.0964357236166745,0.000876787594024505
49,1200,strong,0.0225329845082948,0.8585937483820186,4.418615805896309,0.333188967144198,0.003123139897946331
49,1500,strong,0.045633432795272,1.3300871792244278,5.202810927102064,0.20211490817903388,0.008695735999082353
49,1800,strong,0.154246791385082,10.118396017034287,38.13777091500015,0.8217975395287535,2.4208322488633676
49,2100,strong,0.0091477138179147,1.2172700514181043,6.662296678605628,0.40581952346594763,0.005189387584016465
49,2400,strong,-0.0066220500596384,2.416760043616122,17.135954262897712,0.2809030435084099,0.014273248726198009
49,2700,strong,0.201772621921721,3.1496488171133907,13.456551059299215,0.5280383093574916,0.10070952810808327
64,0,strong,1.03658146463774,7.895345636678788,24.31505070430262,0.9624829190379265,2.1416942184482077
64,300,strong,0.0351821600235814,1.6849912750736116,7.014921317704648,0.37219841593089903,0.009066257125090522
64,600,strong,1.35858028238091,8.89883703046003,24.170000385602464,0.8574873680736663,2.1153145929824233
64,900,strong,0.0042602356759725,1.2218926244235753,9.048633248099236,0.17212289458667718,0.0013303031213394107
64,1200,strong,0.0,0.0,0.0,,0.0
64,1500,strong,0.130070584186128,2.5413023906554337,15.01848164770081,0.22345993876922673,0.027168842013487758
64,1800,strong,1.17384099441313,8.10975105410197,25.296008193500086,0.6995334241725211,0.7425928933457605
64,2100,strong,0.328190096643091,4.949705292568392,16.75445027679956,0.5071546537352835,0.20184010970531685
64,2400,strong,0.0118359450954696,1.031381575196682,4.813182151998774,0.37840610390308127,0.004034983746710073
64,2700,strong,0.0606971329762811,1.466720245020238,4.628279764098409,0.5202821817659913,0.01576589723789876
79,0,strong,0.104123602113493,2.0610213535176767,7.571085918101517,0.2845221118865228,0.02421116061585547
79,300,strong,0.104807429352473,1.6980460573785146,6.645877446501913,0.40790058369578513,0.029754228061538622
79,600,strong,1.20856352381408,11.562596505513177,30.78291351650364,0.9139168354375575,3.9892209310563866
79,900,strong,0.0026576926967852,0.9228374600062235,2.8927905719910996,0.10149614385736436,0.0011418879261177065
79,1200,strong,0.0038254190007207,0.5359966988399515,1.476369099904673,0.36913812769077026,0.0007223957730242135
79,1500,strong,0.754652259481203,5.390536256759864,23.27564751499267,0.6671243398147538,0.7410797098230256
79,1800,strong,1.1489786328384,7.6315754843088435,19.460027278299208,0.8096560861397765,0.7801117845163764
79,2100,strong,0.053652063921146,2.8325043845103575,13.384917846295252,0.23840132780050766,0.018172661923671174
79,2400,strong,1.18304564895224,5.496932826296295,20.618063165599665,0.6670488832617588,0.31842522989277083
79,2700,strong,0.718651360770193,6.910645785125083,24.902244855297795,0.86342193671392,1.3517711599977476
94,0,strong,0.395205246802278,4.737369082661112,13.40012353769282,0.7700111082161335,0.22484064426269518
94,300,strong,0.244445833669311,2.743156034606633,9.659399780503009,0.41331774433469554,0.05808353756348095
94,600,strong,0.886406077357553,6.9850698848686825,17.665951577100714,0.6159387790424576,0.4037292716051634
94,900,strong,0.208875282522478,3.2513528499913162,14.163346218992956,0.36476474822465554,0.08860085423446415
94,1200,strong,0.0579946688548005,1.8546068349467117,6.242822251209645,0.20169153393519107,0.021614271181172866
94,1500,strong,1.17572782991702,6.447930557446369,24.62570295959665,0.6609011283941663,0.6587654353954506
94,1800,strong,1.84784232850299,7.93880601959635,20.71942823789641,0.7828645183105544,0.8786913526053226
94,2100,strong,0.458035149111502,2.459365832350614,7.914755971697218,0.8115467944007116,0.12986460089971716
94,2400,strong,0.553959633049973,6.0488889096707465,22.48575721249324,0.675390836736879,1.791660808372003
94,2700,strong,0.341537377212134,4.513312252259797,18.57510343869251,0.646227483047815,0.19093096823324152
112,0,strong,0.341529634133467,3.1406628112646087,10.860958882005889,0.20856063099691885,0.08397537466756759
112,300,strong,0.076755753974007,2.3961441488339537,9.706324530000643,0.42769170229985204,0.019459378428500183
112,600,strong,1.0845448717474,10.672910986633031,40.47255970300512,0.857818614641283,2.2983045629002774
112,900,strong,0.0061558682785908,0.810660408601996,3.171994461993677,0.046892682488333004,0.001063991076129446
112,1200,strong,0.141255363110097,2.0930238835850843,9.448670550000315,0.4314134558769517,0.04649475390333403
112,1500,strong,0.013749715292052,1.5462729315362622,6.8822872510025945,0.030767967842945332,0.003349665939448555
112,1800,strong,1.42273065363669,8.397688402400556,22.816301378000503,0.840339606899071,1.9703315723920116
112,2100,strong,0.169645780357161,1.941631472577322,8.232767828999954,0.3838766795664558,0.03654236653650603
112,2400,strong,0.294964602469531,2.5613602061931164,6.780855062004321,0.3897991121752249,0.076352801219191
112,2700,strong,2.11766329679182,9.428443678546842,27.368306504996553,0.6845250726319144,1.9515961214970716
130,0,strong,0.0594921926684376,2.6902930410434798,13.297535390989879,0.42387857918649235,0.008876176624841747
130,300,strong,0.0568548779822092,2.0351337492212602,6.489311282990684,0.4129915821660946,0.008567624210575905
130,600,strong,0.753502259536822,7.635915380194106,23.830282516001944,0.8557276129500179,1.696218927026582
130,900,strong,0.0034522834008414,1.9894479829730667,13.754933612972309,0.04580963244286596,0.003983743357096676
130,1200,strong,0.023204624831699,1.5875103097247907,6.797494916014557,0.05842837654631804,0.006404408984583193
130,1500,strong,0.11240947032688,2.9600884486435524,14.670334997987311,0.17078650502736276,0.02465891320215211
130,1800,strong,0.510060639484987,7.086272319818537,16.193728902976545,0.8377540064234291,0.8135147042632709
130,2100,strong,0.184620675778717,2.131517774780151,9.879536233995623,0.3870645150539468,0.04457063672959148
130,2400,strong,0.295397096434524,3.196224129896336,11.672495736007704,0.2972685693904109,0.0590042874870195
130,2700,strong,0.0653386887140655,2.2917707644259275,12.86902773199472,0.1867559884581968,0.016178512462435225
52,600,weak,0.83059852222441,10.277947258777639,26.44226030869845,0.9550182211485667,6.551658908309681
52,900,weak,0.094706223868439,3.444987334707127,14.248382815701177,0.15069461864937855,0.041264312068126315
52,2400,weak,4.1104302808256,13.514035007844125,33.28209290719997,0.9339258367665948,8.043623040044261
133,1200,weak,2.91555985148714,7.541623367476515,13.520780534975074,0.969395792511737,2.5456580586855275
100,600,weak,1.89430594884636,6.930803923627491,20.04227123400426,0.3853804304234048,0.5366167872711619
100,900,weak,1.74368050511964,4.628398240505671,17.210620490004658,0.7842751316676091,0.39754180879043277
100,1200,weak,1.091832316347,8.035693255184013,26.358995679004238,0.8801617479468044,1.0826319351115534
100,1500,weak,1.02650473683631,6.553770336732771,22.44034028140618,0.8321561167594712,0.890577743043874
100,1800,weak,2.74209939155576,7.028419105776427,22.79003157539705,0.8677756035995284,0.8289436091293869
118,1500,weak,4.09111495160682,12.489077760194355,40.02086079199785,0.9268124232025847,4.6926701414158325
136,900,weak,3.08542330940735,7.349319423606808,28.311168945009513,0.9508500536160788,0.5316569567890049
103,900,weak,0.175776475350727,4.651815521181219,24.131623261993695,0.33840908112300555,0.07622739209981139
103,1200,weak,1.60793558214587,12.47691264978959,25.396173659004262,0.9798186891528752,2.4294212783427316
121,0,weak,0.115871615518076,4.679474767720979,14.257911377001165,0.8709716896601271,0.3559027224783554
61,2100,weak,2.57838750663396,17.00975769817013,36.59889543020256,0.9345370357368982,7.908919979476376
109,0,shallow,1.03228478072507,4.241275815875763,16.9340021319897,0.5419448837611281,0.25245714754880966
109,300,shallow,0.0548692839802849,3.070022591835623,11.790154536996056,0.04324562893663122,0.023845202266357834
109,600,shallow,0.0827560769806965,2.405312583577306,9.927785368006425,0.1959795958422977,0.02219873011526765
109,900,shallow,0.0079833070108969,0.9782892492469802,5.564137556007154,0.11200943681351555,0.000869924056985483
109,1200,shallow,0.0032444872154781,1.6797772733876188,9.174291972001924,0.07260630582882266,0.0035566766743631204
109,1500,shallow,0.362053580308774,7.538304273916459,24.911249810003255,0.8950502896918936,1.318933517583913
109,1800,shallow,0.0302067684497065,1.3648926945789164,3.7207056730039767,0.07676328879422133,0.005530110174493624
109,2100,shallow,0.0350263619068429,1.1677849561688112,5.01875732499002,0.2324991328381553,0.006145759736613063
109,2400,shallow,1.16863407266183,6.14977134995215,20.327125164001814,0.7921995636316592,0.7759598436554314
109,2700,shallow,0.0618543482964794,1.0903889442252175,4.369628317007823,0.22225267925521414,0.010677860807485758
127,0,shallow,0.104780798449606,2.2868858535940406,7.1349379179963535,0.17176733994820526,0.017789518217396535
127,300,shallow,1.85082880751142,5.78021438645955,22.055402709995064,0.4563627956815544,0.5897529894123161
127,600,shallow,0.279708162990699,2.3131931528182936,10.999164604996281,0.4648616770291909,0.05709373976345905
127,900,shallow,0.0048249541592831,0.764714555126245,2.40135492400384,0.02072759154539784,0.0007736833843465009
127,1200,shallow,0.017007193797764,1.5386352777573278,6.683159089007518,0.10094528508342693,0.003556745886930383
127,1500,shallow,0.294750249054051,2.916509650597549,9.799751507998167,0.19672350154852614,0.07418542871182994
127,1800,shallow,0.0461342251465888,1.9428539287681355,5.162374454002361,0.14842477542060242,0.00809767007338639
127,2100,shallow,0.0322706439931507,1.8536079161092378,10.807627937992947,0.2802567097549923,0.010163593940541817
127,2400,shallow,0.0979586989488596,1.835896708891262,6.960663992998661,0.29940507901725383,0.02826542158167843
127,2700,shallow,1.32720601865057,4.121379578141546,16.354301751007938,0.590690890981827,0.2688258873055795
145,0,shallow,0.0371705084265541,1.2956533188927413,4.252702529015551,0.04468306915052112,0.005111982284314281
145,300,shallow,0.418910192589247,3.4429494293889547,10.203719251990151,0.5976499056149177,0.18539936717642855
145,600,shallow,0.650308982668382,4.590698752368973,18.849739162988044,0.48288051502690615,0.2167547641400192
145,900,shallow,0.003461179515888,0.8480453348128076,2.5127882340143515,0.037079017294340356,0.0009936793941057202
145,1200,shallow,0.0220106380342849,1.4835746411149175,4.676799264984766,0.03946541077249397,0.0037373264604730863
145,1500,shallow,0.156956373049527,2.6259342334946036,11.311075029993845,0.19037873936044278,0.0482712411746103
145,1800,shallow,0.0169832107180501,1.304538998557932,4.552063364997139,0.1331546807894597,0.004014757225949649
145,2100,shallow,0.0189554190248399,1.3459424757257712,5.426709398022922,0.35380933710479184,0.006816922604574796
145,2400,shallow,0.11386495245696,1.245607297717567,4.7898200589884254,0.4500559844689319,0.027329613117579896
145,2700,shallow,0.0755606650059817,1.6366375135476527,6.7702507369915566,0.29835189228017084,0.013483970846268767
