tone_hz,segment_start_s,median_module_minus_guide_hz,previous_value,abs_difference,median_LPS_offset_hz,median_CDTR_offset_hz,LPS_fraction_abs_offset_ge1p3,CDTR_fraction_abs_offset_ge1p3,max_LPS_abs_offset_hz,max_CDTR_abs_offset_hz
52,600,1.4145889164575571,1.4145889164575571,0.0,1.4908622609965505,1.486147003600248,1.0,1.0,1.4948501661193987,1.499437166401897
52,900,-1.0161263602465596,-1.0161263602465596,0.0,-0.9790503896659999,-0.9795768467906001,0.0,0.0,1.038545798977097,1.046562266502498
52,2400,0.5345849095773545,0.5345849095773545,0.0,0.44196103518829943,0.4521120517125006,0.0,0.0,0.5656327901132983,0.5655745001750034
133,1200,-1.3966220329877501,-1.39662203298775,2.220446049250313e-16,-1.4884232655465013,-1.4936871574730048,1.0,1.0,1.4932039351940034,1.5
100,600,0.07429232601502633,0.0742923260150263,2.7755575615628914e-17,0.20526100173150041,0.202618736434502,0.0,0.0,0.2298277841450016,0.23502526423899894
100,900,0.08310985615791111,0.0831098561579111,1.3877787807814457e-17,0.13933997113350216,0.14170836681849863,0.0,0.0,0.18640812852500233,0.20361874901500698
100,1200,0.08845768736694737,0.0884576873669473,6.938893903907228e-17,0.030250194468003144,0.027047768410000117,0.0,0.0,0.07553948769999863,0.07031213302700223
100,1500,0.10591032304717629,0.1059103230471762,9.71445146547012e-17,-0.02151450487559714,-0.023829480109455403,0.0,0.0,0.034933960191906976,0.04290440681610619
100,1800,0.1077152108011461,0.1077152108011461,0.0,-0.03906574845859723,-0.036145371528100156,0.0,0.0,0.08541301821969682,0.06399047975189376
118,1500,0.8276612252527258,0.8276612252527258,0.0,0.6742185740124995,0.6720920254824989,0.0,0.0,1.036750233961996,1.0468814106569937
136,900,-0.00863427999479427,-0.0086342799947942,6.938893903907228e-17,0.07399572683949884,0.08371693796100033,0.0,0.0,0.28047536165701104,0.2932833418950054
103,900,-0.06729563669851757,-0.0672956366985175,6.938893903907228e-17,-0.009407820443001924,-0.009844677711001282,0.0,0.0,0.3254703786009969,0.3133860038199998
103,1200,-0.5825827415633427,-0.5825827415633427,0.0,-0.6417586351045017,-0.6537282430715052,0.0,0.0,0.9352371713249994,0.9385192562990028
121,0,1.3128465099910827,1.3128465099910829,2.220446049250313e-16,1.4919414652759997,1.4975713546009999,1.0,1.0,1.4954450008700064,1.5
61,2100,-0.2759428511562767,-0.2759428511562767,0.0,-0.37913430546830185,-0.3685565358778504,0.0,0.0,0.48020230918299944,0.4983618188407988
