scope,method,component,median,p90,n
ALL,SMR,runtime_s,0.2001028,0.29763111999999997,2800
ALL,SMR,t_frontend_s,0.2169877,0.27670049,2800
ALL,SMR,t_vit_s,0.1224866,0.15445462000000001,2800
ALL,SMR,t_family_s,0.009545399999999999,0.012451219999999999,2800
ALL,SMR,t_smr_s,0.2001028,0.29763111999999997,2800
ALL,F02,runtime_s,2.65256095,3.8205159,2800
ALL,F02,t_frontend_s,0.2169877,0.27670049,2800
ALL,F02,t_vit_s,0.1224866,0.15445462000000001,2800
ALL,F02,t_family_s,0.009545399999999999,0.012451219999999999,2800
ALL,F02,t_smr_s,0.2001028,0.29763111999999997,2800
ALL,F04,runtime_s,2.8260103,4.220561399999999,2800
ALL,F04,t_frontend_s,0.2169877,0.27670049,2800
ALL,F04,t_vit_s,0.1224866,0.15445462000000001,2800
ALL,F04,t_family_s,0.009545399999999999,0.012451219999999999,2800
ALL,F04,t_smr_s,0.2001028,0.29763111999999997,2800
ALL,UNB,runtime_s,2.6425969499999997,3.95793334,2800
ALL,UNB,t_frontend_s,0.2169877,0.27670049,2800
ALL,UNB,t_vit_s,0.1224866,0.15445462000000001,2800
ALL,UNB,t_family_s,0.009545399999999999,0.012451219999999999,2800
ALL,UNB,t_smr_s,0.2001028,0.29763111999999997,2800
ALL,ADA_local_c04_t30_A,runtime_s,2.7989667000000003,5.855612539999999,2800
ALL,ADA_local_c04_t30_A,t_frontend_s,0.2169877,0.27670049,2800
ALL,ADA_local_c04_t30_A,t_vit_s,0.1224866,0.15445462000000001,2800
ALL,ADA_local_c04_t30_A,t_family_s,0.009545399999999999,0.012451219999999999,2800
ALL,ADA_local_c04_t30_A,t_smr_s,0.2001028,0.29763111999999997,2800
S0,SMR,runtime_s,0.19935865,0.3377066700000001,1400
S0,SMR,t_frontend_s,0.21728635000000002,0.28245001,1400
S0,SMR,t_vit_s,0.12257195000000001,0.15681182000000002,1400
S0,SMR,t_family_s,0.0095985,0.01278863,1400
S0,SMR,t_smr_s,0.19935865,0.3377066700000001,1400
S0,F02,runtime_s,2.6266652,4.189812790000004,1400
S0,F02,t_frontend_s,0.21728635000000002,0.28245001,1400
S0,F02,t_vit_s,0.12257195000000001,0.15681182000000002,1400
S0,F02,t_family_s,0.0095985,0.01278863,1400
S0,F02,t_smr_s,0.19935865,0.3377066700000001,1400
S0,F04,runtime_s,2.6773016,4.463155910000001,1400
S0,F04,t_frontend_s,0.21728635000000002,0.28245001,1400
S0,F04,t_vit_s,0.12257195000000001,0.15681182000000002,1400
S0,F04,t_family_s,0.0095985,0.01278863,1400
S0,F04,t_smr_s,0.19935865,0.3377066700000001,1400
S0,UNB,runtime_s,2.49033835,4.1507875000000025,1400
S0,UNB,t_frontend_s,0.21728635000000002,0.28245001,1400
S0,UNB,t_vit_s,0.12257195000000001,0.15681182000000002,1400
S0,UNB,t_family_s,0.0095985,0.01278863,1400
S0,UNB,t_smr_s,0.19935865,0.3377066700000001,1400
S0,ADA_local_c04_t30_A,runtime_s,2.69143405,6.272711650000002,1400
S0,ADA_local_c04_t30_A,t_frontend_s,0.21728635000000002,0.28245001,1400
S0,ADA_local_c04_t30_A,t_vit_s,0.12257195000000001,0.15681182000000002,1400
S0,ADA_local_c04_t30_A,t_family_s,0.0095985,0.01278863,1400
S0,ADA_local_c04_t30_A,t_smr_s,0.19935865,0.3377066700000001,1400
S2,SMR,runtime_s,0.200671,0.26254661000000007,1400
S2,SMR,t_frontend_s,0.21652855,0.27326165999999996,1400
S2,SMR,t_vit_s,0.12225369999999999,0.15223847000000004,1400
S2,SMR,t_family_s,0.009480249999999999,0.012104670000000001,1400
S2,SMR,t_smr_s,0.200671,0.26254661000000007,1400
S2,F02,runtime_s,2.66387585,3.5369540400000004,1400
S2,F02,t_frontend_s,0.21652855,0.27326165999999996,1400
S2,F02,t_vit_s,0.12225369999999999,0.15223847000000004,1400
S2,F02,t_family_s,0.009480249999999999,0.012104670000000001,1400
S2,F02,t_smr_s,0.200671,0.26254661000000007,1400
S2,F04,runtime_s,2.9531570499999997,4.10001838,1400
S2,F04,t_frontend_s,0.21652855,0.27326165999999996,1400
S2,F04,t_vit_s,0.12225369999999999,0.15223847000000004,1400
S2,F04,t_family_s,0.009480249999999999,0.012104670000000001,1400
S2,F04,t_smr_s,0.200671,0.26254661000000007,1400
S2,UNB,runtime_s,2.7679340999999997,3.80875338,1400
S2,UNB,t_frontend_s,0.21652855,0.27326165999999996,1400
S2,UNB,t_vit_s,0.12225369999999999,0.15223847000000004,1400
S2,UNB,t_family_s,0.009480249999999999,0.012104670000000001,1400
S2,UNB,t_smr_s,0.200671,0.26254661000000007,1400
S2,ADA_local_c04_t30_A,runtime_s,2.8985602000000004,5.65072405,1400
S2,ADA_local_c04_t30_A,t_frontend_s,0.21652855,0.27326165999999996,1400
S2,ADA_local_c04_t30_A,t_vit_s,0.12225369999999999,0.15223847000000004,1400
S2,ADA_local_c04_t30_A,t_family_s,0.009480249999999999,0.012104670000000001,1400
S2,ADA_local_c04_t30_A,t_smr_s,0.200671,0.26254661000000007,1400
