path,bytes,sha256
phaseE/E1_trajexport/DIAGNOSTICS_A2_CHECKS.csv,958,2babe86cdfea41c7ea9bd2d4894baadddc3c781f74f70433bb7713e4c5b66ffe
phaseE/E1_trajexport/DIAGNOSTICS_A2_OVERVIEW.csv,1367,c032ed3dd60447cbeeae6c4b0539d564309170ee788a87956c41183fd36ba1de
phaseE/E1_trajexport/DIAGNOSTICS_A2_REGIMES.csv,4253,35e6ed52d269d0f84de088791419cfc66e0d946091328f646ad4f5db7edd60f5
phaseE/E1_trajexport/DIAGNOSTICS_A2_SUBSETS.csv,3799,8d30de3b81ff6daebbce9f08cddc43abccb9b71d50b9f20c3166815813063f0e
phaseE/E1_trajexport/PC_TBD_CANDIDATE_EVENT_PHASE_AREAS.csv,46066,d7128c6db2ccaf17e34150027be184ad08f2eb9c7728430d3e0fa40bc571344d
phaseE/E1_trajexport/README_A2.md,4352,e9caffd90cacc4eeb7d9f91d35405f07940aaef73a4e3416d2749785e5802dc2
phaseE/E1_trajexport/run_config_A2.json,1722,219f3082316d6d89fc48f7ca4a881e9e12514bd3ca12121357d4203a365e4200
phaseE/E1_trajexport/traj_export_X1_T150_diagA2.csv,205244,cacfa62373bbf059ca911521e2ba4ad0f69c2b6e01593ba3f933ac804e54b4c2
phaseE/E1_trajexport/traj_export_X1_T150_diagA2_check.json,420,290117bb656c8161b1dfdf7cd4e0cef9c4c5afbcbd61d44911a777f52b5194d8
phaseE/E1_trajexport/traj_export_X1_T150_diagA2_summary.csv,241,7c766babf006f217aad847cd76db2917d254b3e838457ba67bacfdc3c4c8b322
phaseE/E1_trajexport/traj_export_X1_T300_diagA2.csv,207157,8332e8045e52f2b29d50d655643b0b62d9a1f63efd0be26bc5f17602611696bd
phaseE/E1_trajexport/traj_export_X1_T300_diagA2_check.json,418,05bfe20a49f3ae6b080225a8838cdcfa9299f1d98c86d36a6cb7c8a5d44c1599
phaseE/E1_trajexport/traj_export_X1_T300_diagA2_summary.csv,252,5c7d8016cf35f1dfd6c648cd8afbe3389fe35820f827987119b0a94e50f1630e
phaseE/E1_trajexport/traj_export_X1_T450_diagA2.csv,206665,5c790e631559358138c34a8125022950dbc03aefcfdc371bfcbcc2b38e7f2410
phaseE/E1_trajexport/traj_export_X1_T450_diagA2_check.json,419,4a72bb409e8e124103f51b05f2da0c12f32ed1076582457c9af69fc36c52c74b
phaseE/E1_trajexport/traj_export_X1_T450_diagA2_summary.csv,251,04fb0090d50d8e0a30ccb0d5f97b7da48c2513657eedd96d16188392c4088eac
phaseE/E1_trajexport/traj_export_X1_T600_diagA2.csv,207502,37f6e3dea36ffeddd0ce83cba6133aba20451073049c29e7911732eb63f421bb
phaseE/E1_trajexport/traj_export_X1_T600_diagA2_check.json,417,d055d9de1deaf02dea875a9183c902df43623c42defae9c5a8b97b6a6fe3f6df
phaseE/E1_trajexport/traj_export_X1_T600_diagA2_summary.csv,250,15763b980c686de500641c54feb3cc7e4172f3ffec47b97864d560d1a593eb97
phaseE/E1_trajexport/traj_export_X2_diagA2.csv,1975154,d49f6fb9688ed475092c8f3e9247999fc45f17afcbdc214a514bfa284b299a2d
phaseE/E1_trajexport/traj_export_X2_diagA2_check.json,417,b5700ae73cad25f39759dbbb6b4b563fd414da71b2e770b10cc75c663cdf54e6
phaseE/E1_trajexport/traj_export_X2_diagA2_summary.csv,656,150ac3d4b4c665902ac7884802617fc3092cb8b6201de3e8768e46e3b2b8aae8
phaseE/E1_trajexport/任务A_误差分区表.csv,882,cc47380d75ee7832837884e6ac5655de465c6301dbe09609b9cde442e155dd95
phaseE/E1_trajexport/任务A结果分析_Claude_20261007.md,5590,73f9ddf92726a3bd7ba52deacebb1a2a83fb5bc844bc15bb21773bdca62c3739
phaseE/scripts/finalize_diagnostics_A2.py,11276,63329d2eb6970df1983feabc43dfb1f9543b8f59724ee54673958552ba6a6b52
phaseE/scripts/run_diagnostics_A2_checked.py,4079,00c9325b02952da90291c21d6e5bf7eb7e71c91705ca035b284162f817f08622
phaseE/scripts/diagnostics_A2.py,6557,47960b0d9ba7f7c7dfcf025a64515031ddc8328dfbcaf86e083761523084255b
