dataset,duration_s,frontend,trajectory,sigma2_upper_exclusive,n,eta_prediction_mae,definition
traj_export_X2,300,MFT,in,0.5,151,0.0020567808117334186,mean absolute difference: exp(-sigma2) versus saved eta
traj_export_X2,300,MFT,in,1.0,154,0.010404214893982865,mean absolute difference: exp(-sigma2) versus saved eta
traj_export_X2,300,MFT,in,inf,1400,0.22736969076820218,mean absolute difference: exp(-sigma2) versus saved eta
traj_export_X2,300,MFT,out,0.5,151,0.0006994763574723955,mean absolute difference: exp(-sigma2) versus saved eta
traj_export_X2,300,MFT,out,1.0,154,0.009561013174692077,mean absolute difference: exp(-sigma2) versus saved eta
traj_export_X2,300,MFT,out,inf,1400,0.3320432203923272,mean absolute difference: exp(-sigma2) versus saved eta
traj_export_X2,300,SUV,in,0.5,499,0.0015210653482553376,mean absolute difference: exp(-sigma2) versus saved eta
traj_export_X2,300,SUV,in,1.0,505,0.005000759537941489,mean absolute difference: exp(-sigma2) versus saved eta
traj_export_X2,300,SUV,in,inf,1400,0.4270513903890038,mean absolute difference: exp(-sigma2) versus saved eta
traj_export_X2,300,SUV,out,0.5,499,0.0012838926105966867,mean absolute difference: exp(-sigma2) versus saved eta
traj_export_X2,300,SUV,out,1.0,505,0.004474486442437376,mean absolute difference: exp(-sigma2) versus saved eta
traj_export_X2,300,SUV,out,inf,1400,0.4340121096666959,mean absolute difference: exp(-sigma2) versus saved eta
traj_export_X2,300,V0,in,0.5,467,0.0031924144701239213,mean absolute difference: exp(-sigma2) versus saved eta
traj_export_X2,300,V0,in,1.0,501,0.0062761811405851265,mean absolute difference: exp(-sigma2) versus saved eta
traj_export_X2,300,V0,in,inf,1400,0.2930628355274989,mean absolute difference: exp(-sigma2) versus saved eta
traj_export_X2,300,V0,out,0.5,545,0.001842926671791829,mean absolute difference: exp(-sigma2) versus saved eta
traj_export_X2,300,V0,out,1.0,548,0.004285427367266874,mean absolute difference: exp(-sigma2) versus saved eta
traj_export_X2,300,V0,out,inf,1400,0.3654670486292476,mean absolute difference: exp(-sigma2) versus saved eta
traj_export_X2,300,VS,in,0.5,463,0.002641704829352946,mean absolute difference: exp(-sigma2) versus saved eta
traj_export_X2,300,VS,in,1.0,496,0.006402752218393398,mean absolute difference: exp(-sigma2) versus saved eta
traj_export_X2,300,VS,in,inf,1400,0.3055476454965039,mean absolute difference: exp(-sigma2) versus saved eta
traj_export_X2,300,VS,out,0.5,544,0.0018457399687838826,mean absolute difference: exp(-sigma2) versus saved eta
traj_export_X2,300,VS,out,1.0,547,0.004292690467805963,mean absolute difference: exp(-sigma2) versus saved eta
traj_export_X2,300,VS,out,inf,1400,0.36587791840357575,mean absolute difference: exp(-sigma2) versus saved eta
traj_export_X1_T150,150,VS,in,0.5,158,0.0031769009993505427,mean absolute difference: exp(-sigma2) versus saved eta
traj_export_X1_T150,150,VS,in,1.0,176,0.008919843478876909,mean absolute difference: exp(-sigma2) versus saved eta
traj_export_X1_T150,150,VS,in,inf,600,0.21010951293902688,mean absolute difference: exp(-sigma2) versus saved eta
traj_export_X1_T150,150,VS,out,0.5,189,0.002857967543322114,mean absolute difference: exp(-sigma2) versus saved eta
traj_export_X1_T150,150,VS,out,1.0,190,0.004911155338838453,mean absolute difference: exp(-sigma2) versus saved eta
traj_export_X1_T150,150,VS,out,inf,600,0.2145619520742307,mean absolute difference: exp(-sigma2) versus saved eta
traj_export_X1_T300,300,VS,in,0.5,116,0.0036411286548130926,mean absolute difference: exp(-sigma2) versus saved eta
traj_export_X1_T300,300,VS,in,1.0,145,0.011080196208890631,mean absolute difference: exp(-sigma2) versus saved eta
traj_export_X1_T300,300,VS,in,inf,600,0.25122095237052633,mean absolute difference: exp(-sigma2) versus saved eta
traj_export_X1_T300,300,VS,out,0.5,171,0.001783645687479769,mean absolute difference: exp(-sigma2) versus saved eta
traj_export_X1_T300,300,VS,out,1.0,172,0.003701977935278428,mean absolute difference: exp(-sigma2) versus saved eta
traj_export_X1_T300,300,VS,out,inf,600,0.3417718375975118,mean absolute difference: exp(-sigma2) versus saved eta
traj_export_X1_T450,450,VS,in,0.5,105,0.0034987893946393234,mean absolute difference: exp(-sigma2) versus saved eta
traj_export_X1_T450,450,VS,in,1.0,128,0.007277410756043882,mean absolute difference: exp(-sigma2) versus saved eta
traj_export_X1_T450,450,VS,in,inf,600,0.25424161549307467,mean absolute difference: exp(-sigma2) versus saved eta
traj_export_X1_T450,450,VS,out,0.5,166,0.006335437454645633,mean absolute difference: exp(-sigma2) versus saved eta
traj_export_X1_T450,450,VS,out,1.0,167,0.008816149157708068,mean absolute difference: exp(-sigma2) versus saved eta
traj_export_X1_T450,450,VS,out,inf,600,0.3856432573592232,mean absolute difference: exp(-sigma2) versus saved eta
traj_export_X1_T600,600,VS,in,0.5,86,0.005304538892695683,mean absolute difference: exp(-sigma2) versus saved eta
traj_export_X1_T600,600,VS,in,1.0,105,0.010229715897817406,mean absolute difference: exp(-sigma2) versus saved eta
traj_export_X1_T600,600,VS,in,inf,600,0.2542661196627708,mean absolute difference: exp(-sigma2) versus saved eta
traj_export_X1_T600,600,VS,out,0.5,144,0.0035383532731856644,mean absolute difference: exp(-sigma2) versus saved eta
traj_export_X1_T600,600,VS,out,1.0,145,0.006503182771937575,mean absolute difference: exp(-sigma2) versus saved eta
traj_export_X1_T600,600,VS,out,inf,600,0.42354638867004135,mean absolute difference: exp(-sigma2) versus saved eta
