path,bytes,sha256_before,sha256_after,unchanged
D:\论文集\phaseD\X1_duration\chunks\T300_S0_-14dB_chunk_001.mat,6384531,226e1b1899bc4fad49789e059ae396e0b1d0c4443fe8abb1e3fb0d1f3aa863ba,226e1b1899bc4fad49789e059ae396e0b1d0c4443fe8abb1e3fb0d1f3aa863ba,1
D:\论文集\phaseD\X1_duration\chunks\T300_S0_-14dB_chunk_002.mat,6380541,3740bb005f25310aae2aa007bae71ccb94ae75fd3c378499a4ea315f937e6775,3740bb005f25310aae2aa007bae71ccb94ae75fd3c378499a4ea315f937e6775,1
D:\论文集\phaseD\X1_duration\chunks\T300_S0_-14dB_chunk_003.mat,6392496,7784318b1f6ba9bea9476341c89a7c061f9423fce46c27cd193f5d62d8495756,7784318b1f6ba9bea9476341c89a7c061f9423fce46c27cd193f5d62d8495756,1
D:\论文集\phaseD\X1_duration\chunks\T300_S0_-14dB_chunk_004.mat,6399994,d345989949f8bc6ecfa2ba34db05d31e72b9545b082c115c9781b03769fa315f,d345989949f8bc6ecfa2ba34db05d31e72b9545b082c115c9781b03769fa315f,1
D:\论文集\phaseD\X1_duration\chunks\T300_S0_-14dB_chunk_005.mat,6393344,9324dc1dc19da0c4d625c5c6b4f21b1976843afef8854aef319ab8b61513d4c4,9324dc1dc19da0c4d625c5c6b4f21b1976843afef8854aef319ab8b61513d4c4,1
D:\论文集\phaseD\X1_duration\chunks\T300_S0_-14dB_chunk_006.mat,6472970,aef7c5c1a623f82fd5e2d1ad21d01470ee1774c41fb88c662b6d50a0e93ed6a0,aef7c5c1a623f82fd5e2d1ad21d01470ee1774c41fb88c662b6d50a0e93ed6a0,1
D:\论文集\phaseD\X1_duration\chunks\T300_S0_-14dB_chunk_007.mat,6379388,9eea1e307f66d2b87ae1ffd042f8b8950e3068202df793e345a0f10438cc0521,9eea1e307f66d2b87ae1ffd042f8b8950e3068202df793e345a0f10438cc0521,1
D:\论文集\phaseD\X1_duration\chunks\T300_S0_-14dB_chunk_008.mat,6393144,39c549c2817dc4d5f5341e409f616133db1e2c2bc7ee90dda666108e4876862c,39c549c2817dc4d5f5341e409f616133db1e2c2bc7ee90dda666108e4876862c,1
D:\论文集\phaseD\X1_duration\chunks\T300_S0_-14dB_chunk_009.mat,6386377,9779ebba02da15ed43ae6c89fc2387768edec89f659e64e172f15654844404c6,9779ebba02da15ed43ae6c89fc2387768edec89f659e64e172f15654844404c6,1
D:\论文集\phaseD\X1_duration\chunks\T300_S0_-14dB_chunk_010.mat,6395821,8967341a9b7b9865a86be4c5dd6c75ccd12e62aa7611d4dbbeb92bcd0e99cfcf,8967341a9b7b9865a86be4c5dd6c75ccd12e62aa7611d4dbbeb92bcd0e99cfcf,1
D:\论文集\phaseD\X1_duration\chunks\T300_S0_-17dB_chunk_001.mat,6487885,e82bc2190495d88f599d56b9da1c14fbbe539f87e88d276d8c07aff26f903e8a,e82bc2190495d88f599d56b9da1c14fbbe539f87e88d276d8c07aff26f903e8a,1
D:\论文集\phaseD\X1_duration\chunks\T300_S0_-17dB_chunk_002.mat,6304078,ad5f92b81ed8443b9f0bbe81adec0c6c07ed81e63561717fce822928031b2336,ad5f92b81ed8443b9f0bbe81adec0c6c07ed81e63561717fce822928031b2336,1
D:\论文集\phaseD\X1_duration\chunks\T300_S0_-17dB_chunk_003.mat,6530258,a910fab836198333d73e15a9b7ff48e4dd04d8dd7356d1de5cb98e85ef42d074,a910fab836198333d73e15a9b7ff48e4dd04d8dd7356d1de5cb98e85ef42d074,1
D:\论文集\phaseD\X1_duration\chunks\T300_S0_-17dB_chunk_004.mat,6439020,4d162438593729d5512342365ff1ffd0cd753b05e6a2f3ed0274c57571587170,4d162438593729d5512342365ff1ffd0cd753b05e6a2f3ed0274c57571587170,1
D:\论文集\phaseD\X1_duration\chunks\T300_S0_-17dB_chunk_005.mat,6530814,58abed590cf31749431a2cfa64968b512d2b69ffe1f2fe958a73fdbb844d6111,58abed590cf31749431a2cfa64968b512d2b69ffe1f2fe958a73fdbb844d6111,1
D:\论文集\phaseD\X1_duration\chunks\T300_S0_-17dB_chunk_006.mat,6614207,1ab6dc80c200728ba4b6f5dde322caa05d1228786b9aec1028db9f114ea0f873,1ab6dc80c200728ba4b6f5dde322caa05d1228786b9aec1028db9f114ea0f873,1
D:\论文集\phaseD\X1_duration\chunks\T300_S0_-17dB_chunk_007.mat,6472292,da0910ac32f0b0d33acfaac7cda6321b132c2df28348f19bf499a72fe40d7e79,da0910ac32f0b0d33acfaac7cda6321b132c2df28348f19bf499a72fe40d7e79,1
D:\论文集\phaseD\X1_duration\chunks\T300_S0_-17dB_chunk_008.mat,6404404,04e564312862a4284ebc26a7c4d9436fa2be134d372fb123ed671cdbc3cb347c,04e564312862a4284ebc26a7c4d9436fa2be134d372fb123ed671cdbc3cb347c,1
D:\论文集\phaseD\X1_duration\chunks\T300_S0_-17dB_chunk_009.mat,6539262,93ffbe1736621d364f466ceac2abdfd79efa5fc26bbd0957123cc2506cdec266,93ffbe1736621d364f466ceac2abdfd79efa5fc26bbd0957123cc2506cdec266,1
D:\论文集\phaseD\X1_duration\chunks\T300_S0_-17dB_chunk_010.mat,6430144,ba75ec8559e363e393e70bf20f831feaa626aa6bf4a6c2691f245d95df8fabb6,ba75ec8559e363e393e70bf20f831feaa626aa6bf4a6c2691f245d95df8fabb6,1
D:\论文集\phaseD\X1_duration\chunks\T300_S0_-20dB_chunk_001.mat,6072570,4e9a664829a189fe6a456b7420ab84fedfdfbff5b022d99de57f8f541d7d72ee,4e9a664829a189fe6a456b7420ab84fedfdfbff5b022d99de57f8f541d7d72ee,1
D:\论文集\phaseD\X1_duration\chunks\T300_S0_-20dB_chunk_002.mat,6107642,8a519308d459216d15ce48f4ab9f028aeae8522eaf779b5c944ae8561a2549f0,8a519308d459216d15ce48f4ab9f028aeae8522eaf779b5c944ae8561a2549f0,1
D:\论文集\phaseD\X1_duration\chunks\T300_S0_-20dB_chunk_003.mat,5977651,c29c49c65694a4aa756c2d6e608be7668fb7b343fea5970ac381f6297020439d,c29c49c65694a4aa756c2d6e608be7668fb7b343fea5970ac381f6297020439d,1
D:\论文集\phaseD\X1_duration\chunks\T300_S0_-20dB_chunk_004.mat,6156708,198efd98f0896f392b4914c084d0ee453ea2fcb39c0b8735b5f505439f1778b9,198efd98f0896f392b4914c084d0ee453ea2fcb39c0b8735b5f505439f1778b9,1
D:\论文集\phaseD\X1_duration\chunks\T300_S0_-20dB_chunk_005.mat,5934094,42336dc00002bab1813a1c2f221e9a282bd4a250616ed20d23258d23d0137146,42336dc00002bab1813a1c2f221e9a282bd4a250616ed20d23258d23d0137146,1
D:\论文集\phaseD\X1_duration\chunks\T300_S0_-20dB_chunk_006.mat,5984987,80fed14b7097f1c9d93a42a7b33a30188848d06815001b8a6a72a111d0865832,80fed14b7097f1c9d93a42a7b33a30188848d06815001b8a6a72a111d0865832,1
D:\论文集\phaseD\X1_duration\chunks\T300_S0_-20dB_chunk_007.mat,5995752,0b40629a3ab3b7bad61e2697a6b1361812e042c5a79e254384548d4c88b1a29b,0b40629a3ab3b7bad61e2697a6b1361812e042c5a79e254384548d4c88b1a29b,1
D:\论文集\phaseD\X1_duration\chunks\T300_S0_-20dB_chunk_008.mat,6278329,ef8a75b766f3418b7aac86274ebdeb626febe668f055032f6b2959df650848c5,ef8a75b766f3418b7aac86274ebdeb626febe668f055032f6b2959df650848c5,1
D:\论文集\phaseD\X1_duration\chunks\T300_S0_-20dB_chunk_009.mat,5956915,7fcd345a06b8e919e2cf420cc3159c71441aa13e7a85f73c75034654d6511b15,7fcd345a06b8e919e2cf420cc3159c71441aa13e7a85f73c75034654d6511b15,1
D:\论文集\phaseD\X1_duration\chunks\T300_S0_-20dB_chunk_010.mat,6187527,b7bbc961fda77732ba2dd8e69726e1b49e9c4f741a3cff1e738c0916482a51e1,b7bbc961fda77732ba2dd8e69726e1b49e9c4f741a3cff1e738c0916482a51e1,1
D:\论文集\phaseD\X1_duration\chunks\T300_S2_-14dB_chunk_001.mat,6503923,0fc9e00b0ba413e88cc46c641400b7e3538ef80a8b0eb418caa3513b333da768,0fc9e00b0ba413e88cc46c641400b7e3538ef80a8b0eb418caa3513b333da768,1
D:\论文集\phaseD\X1_duration\chunks\T300_S2_-14dB_chunk_002.mat,6606543,4054bae0efd850d6bb05b4d3029bcab18e10011a63e2351333615b0da3541618,4054bae0efd850d6bb05b4d3029bcab18e10011a63e2351333615b0da3541618,1
D:\论文集\phaseD\X1_duration\chunks\T300_S2_-14dB_chunk_003.mat,6440681,f8c0bca625ee95dda30acc9f7657aa011fdf843641c4fe8fa0e070b270fbc0fa,f8c0bca625ee95dda30acc9f7657aa011fdf843641c4fe8fa0e070b270fbc0fa,1
D:\论文集\phaseD\X1_duration\chunks\T300_S2_-14dB_chunk_004.mat,6438329,0fe4a6b6e148357fd1b6af94f60e80cf06f75e16f17a3b42e230f2628d48d395,0fe4a6b6e148357fd1b6af94f60e80cf06f75e16f17a3b42e230f2628d48d395,1
D:\论文集\phaseD\X1_duration\chunks\T300_S2_-14dB_chunk_005.mat,6432578,6e8b5937340a88472aadfce3ab35138046d8e31e8375a98dbc792b04784a760b,6e8b5937340a88472aadfce3ab35138046d8e31e8375a98dbc792b04784a760b,1
D:\论文集\phaseD\X1_duration\chunks\T300_S2_-14dB_chunk_006.mat,6487488,cdabb34331b801377b39f35592b0fcf6d5cc69bc1fc252acb2705b6bf98e7730,cdabb34331b801377b39f35592b0fcf6d5cc69bc1fc252acb2705b6bf98e7730,1
D:\论文集\phaseD\X1_duration\chunks\T300_S2_-14dB_chunk_007.mat,6486557,075e384d6bfb670ccbef8ae78eef46adaa72f77c7ac5ad500ef575724981ac9a,075e384d6bfb670ccbef8ae78eef46adaa72f77c7ac5ad500ef575724981ac9a,1
D:\论文集\phaseD\X1_duration\chunks\T300_S2_-14dB_chunk_008.mat,6506745,9d09a912cdf9c2d68014b8b0f8274cf8045f933cfa3b4057cbaa5a611d1eadf5,9d09a912cdf9c2d68014b8b0f8274cf8045f933cfa3b4057cbaa5a611d1eadf5,1
D:\论文集\phaseD\X1_duration\chunks\T300_S2_-14dB_chunk_009.mat,6436959,b67bbafeb90f7313d05b9c7dec60962da46002b41dcaba1bd9ac8c51dfcd5979,b67bbafeb90f7313d05b9c7dec60962da46002b41dcaba1bd9ac8c51dfcd5979,1
D:\论文集\phaseD\X1_duration\chunks\T300_S2_-14dB_chunk_010.mat,6554858,3074ee7a4b6b3fad39fc3daab97a6fdb6f2e9df3cbeb08a01b85457540c7957a,3074ee7a4b6b3fad39fc3daab97a6fdb6f2e9df3cbeb08a01b85457540c7957a,1
D:\论文集\phaseD\X1_duration\chunks\T300_S2_-17dB_chunk_001.mat,6574404,1fb76c172bc2412eb9d5bcc0c5be9f2fc4072c1559c2d928deaec8afdb99e930,1fb76c172bc2412eb9d5bcc0c5be9f2fc4072c1559c2d928deaec8afdb99e930,1
D:\论文集\phaseD\X1_duration\chunks\T300_S2_-17dB_chunk_002.mat,6495294,a8fad25b6cef639aa200b81596128e141046186a269ec2f302988ed49ca024fb,a8fad25b6cef639aa200b81596128e141046186a269ec2f302988ed49ca024fb,1
D:\论文集\phaseD\X1_duration\chunks\T300_S2_-17dB_chunk_003.mat,6608709,7c82f626aa04e7f0435135fab60a7dd809eb2f0c1c467dc2af18e5a10479821b,7c82f626aa04e7f0435135fab60a7dd809eb2f0c1c467dc2af18e5a10479821b,1
D:\论文集\phaseD\X1_duration\chunks\T300_S2_-17dB_chunk_004.mat,6578060,c403014c8a5a40527e509b4dd567a434f6a252708d3c58f5fc757e9f51b99154,c403014c8a5a40527e509b4dd567a434f6a252708d3c58f5fc757e9f51b99154,1
D:\论文集\phaseD\X1_duration\chunks\T300_S2_-17dB_chunk_005.mat,6631362,f514069101f7af48c474416de4f0fe297cd2807c7639928d6eab659c1bd8a9f0,f514069101f7af48c474416de4f0fe297cd2807c7639928d6eab659c1bd8a9f0,1
D:\论文集\phaseD\X1_duration\chunks\T300_S2_-17dB_chunk_006.mat,6683826,f1a54a0e6b3fba90c10e7dd23ee201578b61e3c3fb11513611b690ae665bb170,f1a54a0e6b3fba90c10e7dd23ee201578b61e3c3fb11513611b690ae665bb170,1
D:\论文集\phaseD\X1_duration\chunks\T300_S2_-17dB_chunk_007.mat,6679716,233613f115dc3b4c33503678e8a76dff754bd4d002c49eb6eb177687defb12b6,233613f115dc3b4c33503678e8a76dff754bd4d002c49eb6eb177687defb12b6,1
D:\论文集\phaseD\X1_duration\chunks\T300_S2_-17dB_chunk_008.mat,6577228,302a3701334c83e38620b752ae313457ce7118f9345b821f8cf7fbf4800664d1,302a3701334c83e38620b752ae313457ce7118f9345b821f8cf7fbf4800664d1,1
D:\论文集\phaseD\X1_duration\chunks\T300_S2_-17dB_chunk_009.mat,6660865,ee62edbcd534f32422befaa93d9e172f0575fee521ca748dd3cdcf6abb526749,ee62edbcd534f32422befaa93d9e172f0575fee521ca748dd3cdcf6abb526749,1
D:\论文集\phaseD\X1_duration\chunks\T300_S2_-17dB_chunk_010.mat,6556022,b231d424701928f18f556fc24d540110f28ca763501a1fc56aa94049fce30e8c,b231d424701928f18f556fc24d540110f28ca763501a1fc56aa94049fce30e8c,1
D:\论文集\phaseD\X1_duration\chunks\T300_S2_-20dB_chunk_001.mat,6447721,1e2288363b529fb5b6195b2901e162b1e45a1312c8534b24520272916a77e7e4,1e2288363b529fb5b6195b2901e162b1e45a1312c8534b24520272916a77e7e4,1
D:\论文集\phaseD\X1_duration\chunks\T300_S2_-20dB_chunk_002.mat,6600928,56744a4c96c2af4db45a9ad8770405417d3d4f11d3c6798d8e44c5c7cd3da5bd,56744a4c96c2af4db45a9ad8770405417d3d4f11d3c6798d8e44c5c7cd3da5bd,1
D:\论文集\phaseD\X1_duration\chunks\T300_S2_-20dB_chunk_003.mat,6580591,5f308a1a33e0a202d70591f4da6414486a44d9eeb037f01ca30d90676510f21a,5f308a1a33e0a202d70591f4da6414486a44d9eeb037f01ca30d90676510f21a,1
D:\论文集\phaseD\X1_duration\chunks\T300_S2_-20dB_chunk_004.mat,6924670,1c5b2696a445990b06579c4f8e6e9f7d70309aee2dda22fcf3a83c5cece1f9b7,1c5b2696a445990b06579c4f8e6e9f7d70309aee2dda22fcf3a83c5cece1f9b7,1
D:\论文集\phaseD\X1_duration\chunks\T300_S2_-20dB_chunk_005.mat,6374782,1c3914ed1ff7e78fd948723c08c8177506ee47de7ace82043047f564db77d560,1c3914ed1ff7e78fd948723c08c8177506ee47de7ace82043047f564db77d560,1
D:\论文集\phaseD\X1_duration\chunks\T300_S2_-20dB_chunk_006.mat,6704670,5e05716249b80b08bec7a350fbbe2e678dd0d81eb7e175079e80cdc65aa150b5,5e05716249b80b08bec7a350fbbe2e678dd0d81eb7e175079e80cdc65aa150b5,1
D:\论文集\phaseD\X1_duration\chunks\T300_S2_-20dB_chunk_007.mat,6628335,be10e702b2b2eae20e9f4a3c784bfb85d2b2ce75518e6d061e99cf703d367523,be10e702b2b2eae20e9f4a3c784bfb85d2b2ce75518e6d061e99cf703d367523,1
D:\论文集\phaseD\X1_duration\chunks\T300_S2_-20dB_chunk_008.mat,6679859,8e1ed3287039fad9eb17c8538f3646e3dd84214d2460d7ed340b7f5bb4e96753,8e1ed3287039fad9eb17c8538f3646e3dd84214d2460d7ed340b7f5bb4e96753,1
D:\论文集\phaseD\X1_duration\chunks\T300_S2_-20dB_chunk_009.mat,6840218,48bba238638a3ce354302d3f93eea844b69c6e86d131e4b6f1e08e2270e79b43,48bba238638a3ce354302d3f93eea844b69c6e86d131e4b6f1e08e2270e79b43,1
D:\论文集\phaseD\X1_duration\chunks\T300_S2_-20dB_chunk_010.mat,6652865,43982608a6c633bc1f3fae114e92831eb00271c10f2424b4a5391a1f352e1412,43982608a6c633bc1f3fae114e92831eb00271c10f2424b4a5391a1f352e1412,1
