dataset,estimator,predictor,pearson,pearson_ci_lo,pearson_ci_hi,spearman,spearman_ci_lo,spearman_ci_hi,n_records
SIM,MFT,rmse_eval_hz,-0.398548933493599,-0.507526309565017,-0.273783297299859,-0.410722268056702,-0.518712517930545,-0.292850104013074,200
SIM,MFT,rms_slow_eval_T60,-0.198291869283857,-0.334300670534272,-0.0464838662586331,-0.200973524338108,-0.333613871221697,-0.0530768179499589,200
SIM,MFT,rms_fast_eval_T60,-0.348167807659438,-0.468932972744996,-0.218429619708879,-0.338937973449336,-0.458370931845265,-0.20609110372392,200
SIM,VIT,rmse_eval_hz,-0.482100190885227,-0.586245652097688,-0.386109746465664,-0.629526738168454,-0.716577579339121,-0.527636797090855,200
SIM,VIT,rms_slow_eval_T60,-0.516069090637789,-0.624248819731409,-0.433430934546038,-0.656482412060302,-0.738727119326558,-0.558848702650479,200
SIM,VIT,rms_fast_eval_T60,-0.299608364201678,-0.457564666887763,-0.160022224184125,-0.412009300232506,-0.527713822059454,-0.285216918139946,200
SIM-S2,MFT,rmse_eval_hz,-0.437205208614788,-0.533901236901527,-0.321029838455481,-0.397118427960699,-0.507978853435284,-0.275118238691809,200
SIM-S2,MFT,rms_slow_eval_T60,-0.196250443576502,-0.319043561218107,-0.0741832032467917,-0.210900772519313,-0.345146909372103,-0.0693400976942767,200
SIM-S2,MFT,rms_fast_eval_T60,-0.421102502147081,-0.517656157929648,-0.297980178453838,-0.363069076726918,-0.477202192803417,-0.232622777350732,200
SIM-S2,VIT,rmse_eval_hz,-0.204050734926999,-0.322347601584739,-0.0862073490776495,-0.21555238880972,-0.342196596270727,-0.0834916589912649,200
SIM-S2,VIT,rms_slow_eval_T60,-0.161912769104066,-0.284200062677821,-0.045119802261129,-0.169165229130728,-0.303159130533907,-0.0386692293953304,200
SIM-S2,VIT,rms_fast_eval_T60,-0.0853095529973629,-0.201008280168717,0.0313550639424152,-0.0956183904597615,-0.22385780440446,0.0390825454345757,200
