scene,snr_db,record_id,field,max_abs_diff
S0,-20,1,knots,0
S0,-20,1,P,0
S0,-20,1,r,0
S0,-20,1,Bt,0
S0,-20,1,Btc,0
S0,-20,1,D2,0
S0,-20,1,tchk,0
S0,-20,1,Bchk,0
S0,-20,1,gAchk,0
S0,-20,1,Aineq,0
S0,-20,1,bineq,0
S0,-20,1,lb,0
S0,-20,1,ub,0
S0,-20,1,gA,0
S0,-20,1,phiA,0
S0,-20,1,H,0
S2,-17,1,knots,0
S2,-17,1,P,0
S2,-17,1,r,0
S2,-17,1,Bt,0
S2,-17,1,Btc,0
S2,-17,1,D2,0
S2,-17,1,tchk,0
S2,-17,1,Bchk,0
S2,-17,1,gAchk,0
S2,-17,1,Aineq,0
S2,-17,1,bineq,0
S2,-17,1,lb,0
S2,-17,1,ub,0
S2,-17,1,gA,0
S2,-17,1,phiA,0
S2,-17,1,H,0
S0,-14,1,knots,0
S0,-14,1,P,0
S0,-14,1,r,0
S0,-14,1,Bt,0
S0,-14,1,Btc,0
S0,-14,1,D2,0
S0,-14,1,tchk,0
S0,-14,1,Bchk,0
S0,-14,1,gAchk,0
S0,-14,1,Aineq,0
S0,-14,1,bineq,0
S0,-14,1,lb,0
S0,-14,1,ub,0
S0,-14,1,gA,0
S0,-14,1,phiA,0
S0,-14,1,H,0
