residual_frequency_Hz,LPS_power_dB,CDTR_power_dB,ideal_power_dB
-0.14984130859375,-41.95398801231975,-41.95138960726201,-42.793883943025854
-0.1495361328125,-41.89796995487532,-43.38675666478516,-43.48498613406445
-0.14923095703125,-42.501597821521635,-45.83014447348626,-45.00063123446687
-0.14892578125,-43.859921825311815,-50.02074909169167,-47.715034562490985
-0.14862060546875,-46.25306065426458,-58.22276466316119,-52.83415330473517
-0.1483154296875,-50.49521462888215,-55.878131949061505,-71.47803313638289
-0.14801025390625,-60.73388408823107,-49.15717758676251,-55.00515983900628
-0.147705078125,-58.496013035916675,-45.74248130871199,-48.65275772549903
-0.14739990234375,-50.029087972644575,-43.85012644345782,-45.46188150902843
-0.1470947265625,-46.323015628421125,-42.92215638863233,-43.651416931760245
-0.14678955078125,-44.308876847789776,-42.76452276775689,-42.729598569518416
-0.146484375,-43.305756249581044,-43.34976673714182,-42.522378278784714
-0.14617919921875,-43.08879389786803,-44.79568064676191,-42.99806956126842
-0.1458740234375,-43.61655814615786,-47.478789047077456,-44.24265572493951
-0.14556884765625,-44.99390995362829,-52.62371293426667,-46.5317621026622
-0.145263671875,-47.57250931922477,-66.16921591054007,-50.680674169830965
-0.14495849609375,-52.49361391928625,-53.54757267975291,-60.905278731599736
-0.1446533203125,-67.58757767341972,-47.593533501531475,-58.41809218869885
-0.14434814453125,-54.79703691428843,-44.446887986166956,-49.850745943118646
-0.14404296875,-48.3394433190315,-42.602227995168754,-46.02869796027456
-0.14373779296875,-45.04492951487443,-41.604326289843684,-43.88093884910512
-0.1434326171875,-43.12933527702071,-41.2806415401646,-42.71976680495446
-0.14312744140625,-42.089959734837706,-41.58387042496568,-42.30675915872473
-0.142822265625,-41.73979034627684,-42.559124476019846,-42.574328232965144
-0.14251708984375,-42.02612317107507,-44.374074421859184,-43.570820130617506
-0.1422119140625,-42.99287393089155,-47.46526060454333,-45.49879920734221
-0.14190673828125,-44.811712953604534,-53.19143640545257,-48.93295065364992
-0.1416015625,-47.94305923890203,-62.7083697642434,-56.14316211411556
-0.14129638671875,-53.96500752571075,-52.33772276800696,-64.63660208618245
-0.1409912109375,-74.18501701646096,-47.32527404817357,-51.38601645385016
-0.14068603515625,-53.188198872492734,-44.66014425362335,-46.73160376919619
-0.140380859375,-47.87364316051651,-43.21432422219659,-44.19168737619336
-0.14007568359375,-45.14205892127495,-42.62495010534753,-42.77117736180547
-0.1397705078125,-43.67306322308509,-42.77826087677859,-42.146610768187685
-0.13946533203125,-43.07574994998261,-43.704769033716424,-42.210155311286016
-0.13916015625,-43.22905745605178,-45.60645930338584,-42.97556043136574
-0.13885498046875,-44.16104172032927,-49.085970018985066,-44.588763391976045
-0.1385498046875,-46.07179921905686,-56.57268226971737,-47.46588298583838
-0.13824462890625,-49.551717714616956,-61.56194667618499,-53.00340716999787
-0.137939453125,-56.77095997265505,-50.533474250041756,-84.28837743383214
-0.13763427734375,-60.03173703637947,-46.077404222222285,-53.43190821797429
-0.1373291015625,-50.664989610716795,-43.58623511890202,-47.60343162417727
-0.13702392578125,-46.38950708345156,-42.171575500017056,-44.59433873432735
-0.13671875,-43.97430985904399,-41.533168227873595,-42.88764055126309
-0.13641357421875,-42.615290937197145,-41.56952740375087,-42.04234402904326
-0.1361083984375,-42.03285522547635,-42.29405153581737,-41.90301447185159
-0.13580322265625,-42.13759526816847,-43.845597653716624,-42.449650289058845
-0.135498046875,-42.9580876529933,-46.615761049593885,-43.78221335553519
-0.13519287109375,-44.66346654147132,-51.881296178341174,-46.206483061303906
-0.1348876953125,-47.727917730019115,-73.40438326969073,-50.64898702872114
-0.13458251953125,-53.75723834649424,-53.33218073127878,-62.61188352166143
-0.13427734375,-63.22195469346732,-47.17051593844885,-56.357532465806074
-0.13397216796875,-51.28021317554345,-44.02125336612367,-48.693743558110754
-0.1336669921875,-46.23756790559669,-42.211291439424166,-45.103422622662485
-0.13336181640625,-43.4341713543769,-41.26517520734662,-43.074411802625846
-0.133056640625,-41.77880365260211,-41.0086021141249,-41.99523153215779
-0.13275146484375,-40.90601900397604,-41.399709059816146,-41.65129895545355
-0.1324462890625,-40.6736067122971,-42.49794972283287,-41.987628526916424
-0.13214111328125,-41.04647391594973,-44.507085613126556,-43.06494001320749
-0.1318359375,-42.07348917921847,-47.979139387198245,-45.10849751645112
-0.13153076171875,-43.91782979519955,-54.90525604404577,-48.76340008277555
-0.1312255859375,-46.99014127298652,-61.855089081601506,-56.77832621753137
-0.13092041015625,-52.49731181972503,-50.77661548102911,-61.21154623761978
-0.130615234375,-61.44306231384075,-46.309678724592374,-50.082078999670244
-0.13031005859375,-52.546978484971035,-43.91875177691663,-45.7390975179223
-0.1300048828125,-47.57266947642841,-42.66536120040011,-43.33859873593825
-0.12969970703125,-44.982185729099825,-42.24837727247272,-42.00749450253583
-0.12939453125,-43.65567339169183,-42.59011195217509,-41.4542512813446
-0.12908935546875,-43.23963534227927,-43.76397515504445,-41.58541788732724
-0.1287841796875,-43.64837444491489,-46.063550841342085,-42.42634161922539
-0.12847900390625,-44.97776438493872,-50.407559347371134,-44.14083228943164
-0.128173828125,-47.59829877572493,-61.57864530292048,-47.19239878826308
-0.12786865234375,-52.641229309383704,-55.079196962194246,-53.21207779193919
-0.1275634765625,-59.690310619567015,-47.77423026889534,-74.9824342366047
-0.12725830078125,-51.336183550940476,-44.158069229671,-51.907737691067084
-0.126953125,-46.157968886729776,-42.04098744195829,-46.53014114440101
-0.12664794921875,-43.157101738906015,-40.84079630805796,-43.68977567635629
-0.1263427734375,-41.312985876062754,-40.34121507363614,-42.08245309347269
-0.12603759765625,-40.25404221029723,-40.4710574928084,-41.31193366904579
-0.125732421875,-39.82800377253732,-41.25305926908595,-41.24007045654011
-0.12542724609375,-39.98722424427439,-42.818737241713606,-41.85840479495556
-0.1251220703125,-40.76104918770013,-45.51474659523225,-43.281651419167524
-0.12481689453125,-42.27462119711064,-50.36126551412526,-45.849150629876334
-0.12451171875,-44.84515039018625,-61.573163358940064,-50.619688865039016
-0.12420654296875,-49.385151829462984,-53.48348376511758,-65.16000780908543
-0.1239013671875,-60.63159336930697,-47.275387843273684,-54.449353370917315
-0.12359619140625,-55.138659198233945,-44.15492666436437,-47.51929884478973
-0.123291015625,-47.79056031323012,-42.44665505309145,-44.140929549117146
-0.12298583984375,-44.33841399014114,-41.66825761402457,-42.22476069893649
-0.1226806640625,-42.434869345207346,-41.66283509322171,-41.22524575324219
-0.12237548828125,-41.487207692339936,-42.43538959421396,-40.94960148476568
-0.1220703125,-41.29220465932843,-44.153951797993,-41.3550437189712
-0.12176513671875,-41.81051354497651,-47.30446539139875,-42.51511122911434
-0.1214599609375,-43.132729961911174,-53.21336221056206,-44.6799514424583
-0.12115478515625,-45.5555631090591,-55.745197826171236,-48.576335750449445
-0.120849609375,-49.94881124510723,-48.3193279291648,-57.59523755640128
-0.12054443359375,-59.460919109127886,-44.06513291036539,-58.40715427486684
-0.1202392578125,-54.15143221225581,-41.51459110530578,-48.773628031647995
-0.11993408203125,-47.535891623263865,-39.96445572174928,-44.7099617618276
-0.11962890625,-44.150235336058614,-39.13618220545514,-42.440757477881235
-0.11932373046875,-42.21504658592729,-38.9160493515905,-41.19599199234128
-0.1190185546875,-41.200468694437795,-39.279251237238334,-40.71288897334048
-0.11871337890625,-40.91398652761904,-40.27561027801817,-40.911661761518545
-0.118408203125,-41.31097701395323,-42.057216291206274,-41.82943586460336
-0.11810302734375,-42.46080371007235,-44.982254748252814,-43.649312345868765
-0.1177978515625,-44.59986514137241,-49.9066553741916,-46.888711164694755
-0.11749267578125,-48.379789360809795,-55.578541809430135,-53.47201018811298
-0.1171875,-55.98464071086903,-49.89938798815729,-66.7521764746792
-0.11688232421875,-56.16086157460689,-45.37661656171806,-50.40673291942173
-0.1165771484375,-48.449289033917296,-42.82817901328119,-45.4221755376343
-0.11627197265625,-44.62733708415165,-41.44937555939573,-42.73900246637008
-0.115966796875,-42.472939671299144,-40.92739660761658,-41.227007513924505
-0.11566162109375,-41.329003943162334,-41.17039583316008,-40.529626397619666
-0.1153564453125,-40.96583380251846,-42.237157232409544,-40.52485793951427
-0.11505126953125,-41.33210500728474,-44.39577065708833,-41.21572656127066
-0.11474609375,-42.51419251504367,-48.48269435265464,-42.7326101717382
-0.11444091796875,-44.81725295479289,-58.74137360337427,-45.452400413782414
-0.1141357421875,-49.19937381348605,-54.65663425310125,-50.59276990740556
-0.11383056640625,-61.643486852770586,-46.62518472920261,-69.65436993009465
-0.113525390625,-53.932396457482824,-42.777788816206616,-52.63430499169619
-0.11322021484375,-46.35876057641483,-40.51330316990709,-46.3146274054417
-0.1129150390625,-42.64038783154994,-39.18600699316181,-43.13108646224358
-0.11260986328125,-40.41698118790828,-38.556145463280735,-41.32235943546345
-0.1123046875,-39.0849639854921,-38.53529386411414,-40.400323038064556
-0.11199951171875,-38.41203743578717,-39.12344240483752,-40.19223247125363
-0.1116943359375,-38.30313477554164,-40.40831240526757,-40.66719673426849
-0.11138916015625,-38.73744920365633,-42.624323883733986,-41.91212159690399
-0.111083984375,-39.7556290216911,-46.37640059945136,-44.20457266103685
-0.11077880859375,-41.47832581600646,-53.56177636804203,-48.36678106724435
-0.1104736328125,-44.17559124978216,-55.21529702114602,-58.68601446987994
-0.11016845703125,-48.464641998399884,-47.46145731223952,-55.94959792801034
-0.10986328125,-55.003717517496455,-43.61675768326266,-47.444302200032304
-0.10955810546875,-53.184113954516036,-41.49279860350489,-43.63290804422657
-0.1092529296875,-48.190666315177324,-40.399864214107126,-41.48765307007291
-0.10894775390625,-45.53317211231153,-40.09505322897769,-40.32635229895506
-0.108642578125,-44.332064099730815,-40.51503084491682,-39.912264249130025
-0.10833740234375,-44.23207511342114,-41.71710307709992,-40.178667119603205
-0.1080322265625,-45.22542932692288,-43.89056663435817,-41.17473079647942
-0.10772705078125,-47.67078974931174,-47.299917274162596,-43.10449072514841
-0.107421875,-52.894738793230886,-50.41687586025031,-46.547077613661685
-0.10711669921875,-59.860101130308166,-47.72141252145174,-53.80077404655428
-0.1068115234375,-50.015959684671614,-43.82334349427977,-61.98937092238047
-0.10650634765625,-44.768033393565545,-41.14166085453733,-48.904999081956795
-0.106201171875,-41.675292062975146,-39.44660458434799,-44.266754631387656
-0.10589599609375,-39.72467366447612,-38.50372721723594,-41.73049259237664
-0.1055908203125,-38.55449781540681,-38.200782014167984,-40.31005441238614
-0.10528564453125,-38.01666469467148,-38.51352939280942,-39.68424457849304
-0.10498046875,-38.06576289977291,-39.49948085354834,-39.746227386990576
-0.10467529296875,-38.73358384096745,-41.33387859958057,-40.51053169032989
-0.1043701171875,-40.150520483372034,-44.43268828926776,-42.12426152680323
-0.10406494140625,-42.649599782411904,-49.65699430088663,-45.00655418154452
-0.103759765625,-47.21353699883589,-52.389340636290456,-50.568221221130216
-0.10345458984375,-59.581902315898574,-46.37117083847548,-84.28865185494811
-0.1031494140625,-51.75818476445354,-42.3295236592444,-50.86713709677841
-0.10284423828125,-44.51693544686073,-39.89009844435655,-45.06487096709519
-0.1025390625,-40.95568145577594,-38.43926901203591,-42.06118072793557
-0.10223388671875,-38.86902147411043,-37.71163080069602,-40.35490734203261
-0.1019287109375,-37.68022940230159,-37.596672441568536,-39.50825937211794
-0.10162353515625,-37.174835386547386,-38.06873375335015,-39.36700951476701
-0.101318359375,-37.280834559374576,-39.16648026783041,-39.91193937956471
-0.10101318359375,-38.017122504155886,-40.987049432138505,-41.24398154749719
-0.1007080078125,-39.505803014123686,-43.610084473645365,-43.67106946822959
-0.10040283203125,-42.07004259891396,-46.380477908368135,-48.12795063295872
-0.10009765625,-46.66425649133795,-46.29165346821899,-60.22558545990567
-0.09979248046875,-58.84803025584763,-43.55745379754926,-53.6922271537682
-0.0994873046875,-51.968198739156186,-41.084085828314485,-46.07598910811211
-0.09918212890625,-44.61927882964353,-39.422685128590096,-42.49380633990491
-0.098876953125,-41.13196178458783,-38.488484015715606,-40.465790364535536
-0.09857177734375,-39.1636993667055,-38.1943891944805,-39.38521814244556
-0.0982666015625,-38.12313409950198,-38.516997061758474,-39.039040370916524
-0.09796142578125,-37.79814876534126,-39.50798436558752,-39.37310717232211
-0.09765625,-38.12755274705273,-41.33429250819663,-40.44898901883993
-0.09735107421875,-39.15108507043658,-44.42532075058482,-42.49355858834362
-0.0970458984375,-41.02609945912625,-50.15165875592181,-46.15705333170911
-0.09674072265625,-44.10200995731305,-63.531419348380666,-54.225650231668666
-0.096435546875,-48.71738652963679,-50.4453898846121,-58.3982090576847
-0.09613037109375,-49.88547344920849,-45.18747377372765,-47.378346142086805
-0.0958251953125,-45.17374317457193,-42.57919907544536,-43.0479940239026
-0.09552001953125,-41.68509031182605,-41.30912562530491,-40.64938171816088
-0.09521484375,-39.5255989028696,-41.01001791751624,-39.31693395122711
-0.09490966796875,-38.28122279852019,-41.62021456126914,-38.76115435776857
-0.0946044921875,-37.74779863798982,-43.30394428174145,-38.889535887866145
-0.09429931640625,-37.84688695790604,-46.60446740518523,-39.72821469242529
-0.093994140625,-38.583739554093356,-52.55168622387494,-41.442256658494536
-0.09368896484375,-40.04145561463193,-51.072498912285475,-44.49859467191436
-0.0933837890625,-42.38037804384712,-44.71272361124639,-50.54603469584505
-0.09307861328125,-45.60188896188446,-40.87852742846252,-71.476133781761
-0.0927734375,-47.52393326780383,-38.45661548297521,-49.10886109698766
-0.09246826171875,-45.00034974628694,-36.926276122300365,-43.751850427397585
-0.0921630859375,-41.83464068840138,-36.06466829750176,-40.91476048327611
-0.09185791015625,-39.601162951473825,-35.77805502789364,-39.3062652179862
-0.091552734375,-38.214338821815126,-36.048169718422905,-38.53295577648943
-0.09124755859375,-37.52089720675856,-36.92412989924814,-38.457809803403066
-0.0909423828125,-37.44677195825678,-38.551498685589024,-39.073145099568265
-0.09063720703125,-37.993351472151325,-41.28143704355309,-40.494704033005895
-0.09033203125,-39.248784800415,-46.09434379189218,-43.064230872600895
-0.09002685546875,-41.453713907402474,-55.59971557762964,-47.85033552620675
-0.0897216796875,-45.25507232343678,-48.562478296239284,-62.605598472107864
-0.08941650390625,-53.11158603353804,-42.69547669726593,-51.54071863066615
-0.089111328125,-55.52932633539808,-39.59163395591932,-44.6472293089126
-0.08880615234375,-46.42993413177976,-37.81739725800168,-41.27433476419312
-0.0885009765625,-42.407999574526144,-36.91437401357022,-39.35733956008488
-0.08819580078125,-40.2052476737977,-36.71459069574753,-38.354827097237624
-0.087890625,-39.04882525320284,-37.186230273898936,-38.07542024491132
-0.08758544921875,-38.67434968582337,-38.410432135334375,-38.47714667386181
-0.0872802734375,-39.00577512310483,-40.64609940878273,-39.63442941526834
-0.08697509765625,-40.090481787261744,-44.63094187245622,-41.79918388737798
-0.086669921875,-42.13370225894353,-53.42234218842969,-45.70416455585389
-0.08636474609375,-45.695873579832806,-52.39418114000651,-54.79155956852252
-0.0860595703125,-52.45129420826072,-44.18500822381665,-55.35621078949451
-0.08575439453125,-54.434352871965245,-40.3357706579272,-45.79989957267358
-0.08544921875,-46.84605182454041,-38.14587112915734,-41.74531726395504
-0.08514404296875,-42.94454219399082,-36.93521467929795,-39.475894095282094
-0.0848388671875,-40.77566258029088,-36.460631076058846,-38.22798504999024
-0.08453369140625,-39.65259367083543,-36.6456988472286,-37.74065355197461
-0.084228515625,-39.33114096266173,-37.521699165129206,-37.9350128300007
-0.08392333984375,-39.7492162992982,-39.25057342882101,-38.84899231073679
-0.0836181640625,-40.97229812861655,-42.27508740970448,-40.66705254817391
-0.08331298828125,-43.226354546885595,-48.047776531966555,-43.910520928424795
-0.0830078125,-46.97972934696581,-59.479059840037266,-50.52620303646674
-0.08270263671875,-51.49262965282597,-46.966176093767885,-63.392628738275164
-0.0823974609375,-48.65513209556677,-41.71017406482466,-47.321347663185264
-0.08209228515625,-44.208206320094135,-38.86580621257853,-42.35217062939266
-0.081787109375,-41.4229875764448,-37.2176749188005,-39.66979042926167
-0.08148193359375,-39.8194140447346,-36.37074788600982,-38.15459267316831
-0.0811767578125,-39.101211761759025,-36.17042123866869,-37.45253014025126
-0.08087158203125,-39.16584071194331,-36.57108582504047,-37.44265493379099
-0.08056640625,-40.0409422378527,-37.602568902694856,-38.128766618155794
-0.08026123046875,-41.86473038779169,-39.37374433199104,-39.64233733280048
-0.0799560546875,-44.68253849423513,-42.082926228017776,-42.36295597299587
-0.07965087890625,-46.421032497969684,-45.750479943753184,-47.52016541729112
-0.079345703125,-43.43725722222012,-47.706816530029165,-67.02192902401954
-0.07904052734375,-39.6821515935713,-44.95137237051968,-49.4230252647613
-0.0787353515625,-36.88548633918627,-41.997258410348444,-43.13088557375262
-0.07843017578125,-34.92632730442577,-40.11208440030884,-39.949804636241964
-0.078125,-33.61532958798036,-39.13729498271637,-38.13794354720261
-0.07781982421875,-32.83936687007463,-38.92435709879597,-37.210788390163046
-0.0775146484375,-32.54279094525859,-39.41585028365141,-36.996890276771104
-0.07720947265625,-32.712313974847035,-40.609069632573735,-37.46615218786934
-0.076904296875,-33.374101369738696,-42.441186468964645,-38.70640484506002
-0.07659912109375,-34.60392123478358,-44.293912963989435,-40.99716703014177
-0.0762939453125,-36.55740165987289,-44.352388967895905,-45.167692504840254
-0.07598876953125,-39.53164500307521,-42.381533680720686,-55.57851160384778
-0.07568359375,-43.8750849928336,-40.24068820116915,-52.58657874504317
-0.07537841796875,-46.572484104030956,-38.70252586360921,-44.13701233670794
-0.0750732421875,-42.76002344071975,-37.861629107163346,-40.33087133834347
-0.07476806640625,-39.236947198803016,-37.719733206704504,-38.1827465017621
-0.074462890625,-37.043662082085056,-38.33294440551377,-37.015912821594256
-0.07415771484375,-35.80117250353079,-39.87997093417772,-36.59529873499444
-0.0738525390625,-35.287131229969035,-42.77438614861662,-36.85504546597852
-0.07354736328125,-35.40242798468341,-47.36574219977807,-37.84514769424457
-0.0732421875,-36.1144101122826,-46.84802856520938,-39.77112000261127
-0.07293701171875,-37.40094330273282,-41.32237704014418,-43.21658072325326
-0.0726318359375,-39.08927970969446,-37.471253591845915,-50.50871975224955
-0.07232666015625,-40.381241698654904,-34.905933750069565,-58.391253767111486
-0.072021484375,-39.917597962606386,-33.18536300599991,-45.46222286056314
-0.07171630859375,-38.03848890305419,-32.09274689190222,-40.8341176546258
-0.0714111328125,-36.085284752932516,-31.5230812980356,-38.295558749812685
-0.07110595703125,-34.585602392406244,-31.43367781606413,-36.86921174878908
-0.07080078125,-33.61194103833683,-31.827235786142147,-36.23613116220069
-0.07049560546875,-33.14543758259937,-32.75384354490018,-36.29047333211531
-0.0701904296875,-33.17423098992278,-34.33499166424739,-37.047546260553744
-0.06988525390625,-33.71871133950784,-36.838941295419964,-38.65562564921047
-0.069580078125,-34.85016797997085,-40.94375216957864,-41.53689178478232
-0.06927490234375,-36.7320541718201,-49.00592379103572,-47.11668218703607
-0.0689697265625,-39.743441790957846,-49.877362120298734,-84.28886630087227
-0.06866455078125,-44.977186949411944,-42.05961039859153,-47.273235782503626
-0.068359375,-56.47034777100781,-38.45783986792299,-41.49035673189586
-0.06805419921875,-47.62229128688536,-36.588713621348475,-38.485449571920206
-0.0677490234375,-41.91441324114129,-35.7864090621687,-36.77295661108364
-0.06744384765625,-39.10403491138916,-35.84830841343786,-35.918260090947456
-0.067138671875,-37.668534392398136,-36.78268745741655,-35.76833325425976
-0.06683349609375,-37.1601925087472,-38.79875008690069,-36.304739410183366
-0.0665283203125,-37.43498554245973,-42.41747532798854,-37.62938452144669
-0.06622314453125,-38.491876656239164,-47.135038513827176,-40.05237087001163
-0.06591796875,-40.413753985571866,-43.674257916150616,-44.516761810844734
-0.06561279296875,-43.11870949282933,-38.658897344760796,-56.74583567455752
-0.0653076171875,-44.81890083108735,-35.42606324740411,-49.92315997071416
-0.06500244140625,-42.73734146072875,-33.33909238826578,-42.34648567036794
-0.064697265625,-39.67569949745498,-32.038688271567835,-38.765039546907445
-0.06439208984375,-37.367006777553215,-31.35778690878199,-36.73060521779068
-0.0640869140625,-35.85924656979955,-31.227364272370156,-35.64116895483794
-0.06378173828125,-35.026865577335016,-31.642787316383437,-35.28520475902309
-0.0634765625,-34.79483627691997,-32.66171183513345,-35.60939555914776
-0.06317138671875,-35.149891039671864,-34.43095248260876,-36.676163510983
-0.0628662109375,-36.14637131472277,-37.26079706391146,-38.713998815339885
-0.06256103515625,-37.94277237101697,-41.666157748226446,-42.378328089754866
-0.062255859375,-40.93211360857853,-45.15698309651004,-50.49357914957032
-0.06195068359375,-46.324273889688136,-40.909721668679076,-54.39923194833139
-0.0616455078125,-62.49743446204931,-36.965909521929035,-43.478236625603294
-0.06134033203125,-48.918766480379674,-34.534226337225356,-39.152182835106494
-0.06103515625,-43.09620523719783,-33.12607367863254,-36.74714710856002
-0.06072998046875,-40.426179121070845,-32.49038046644677,-35.40498107530238
-0.0604248046875,-39.26359323603281,-32.535807443928675,-34.83820996636668
-0.06011962890625,-39.22261791586758,-33.28222154110426,-34.95526633923325
-0.059814453125,-40.33085462993821,-34.880001095563145,-35.783074722177865
-0.05950927734375,-43.07232915949839,-37.744024354863164,-37.487962259463515
-0.0592041015625,-49.551051108656836,-43.11177089753292,-40.54031449249717
-0.05889892578125,-55.313130778900934,-50.385805105717054,-46.60697658084591
-0.05859375,-43.510197028980464,-41.52038115805717,-66.74992123029206
-0.05828857421875,-38.44724371012419,-36.435276939802684,-45.01870877479319
-0.0579833984375,-35.3988067808254,-33.48868245901911,-39.672815004156675
-0.05767822265625,-33.413850461928895,-31.656987432873606,-36.8296365519401
-0.057373046875,-32.150791776608955,-30.56583188855518,-35.21053523712078
-0.05706787109375,-31.456493436648852,-30.051541495655428,-34.42490864705204
-0.0567626953125,-31.257241298072664,-30.042761825035292,-34.33685226427488
-0.05645751953125,-31.51607565669645,-30.522107164111407,-34.93945847145453
-0.05615234375,-32.19967289499326,-31.51596686344524,-36.34949979932226
-0.05584716796875,-33.215321782663366,-33.099837663112346,-38.911141157638234
-0.0555419921875,-34.264383543587414,-35.414900667937765,-43.70293701489592
-0.05523681640625,-34.70147032566393,-38.6531261929807,-58.67138407957895
-0.054931640625,-34.017144071106024,-42.49750569810469,-47.23395110697727
-0.05462646484375,-32.59616527496477,-43.47402617694175,-40.36606311668281
-0.0543212890625,-31.115861362239336,-40.87606793084603,-36.98802823710926
-0.05401611328125,-29.92123353419965,-38.65553952383448,-35.05952216619179
-0.0537109375,-29.117006444198623,-37.45879333684608,-34.043218059464685
-0.05340576171875,-28.727866436887727,-37.135322661388884,-33.74913494194128
-0.0531005859375,-28.768175356955542,-37.53975156555362,-34.13610891682785
-0.05279541015625,-29.269807026893197,-38.48401598975301,-35.27944772684063
-0.052490234375,-30.302469884469936,-39.465312201547974,-37.432844326388846
-0.05218505859375,-32.0080833080993,-39.4861335877139,-41.33509764230528
-0.0518798828125,-34.68649802844661,-38.17536324897483,-50.4807763338363
-0.05157470703125,-39.04687505884133,-36.425568426746715,-50.78667751266269
-0.05126953125,-45.97275289967137,-34.97165156293422,-41.29414235458387
-0.05096435546875,-42.71969903939144,-34.05791966702969,-37.23652574820304
-0.0506591796875,-37.25349737486677,-33.7570772753059,-34.9547077674806
-0.05035400390625,-34.16560768205392,-34.141692664462504,-33.69135089351686
-0.050048828125,-32.363740436009145,-35.371783214487955,-33.187343516527214
-0.04974365234375,-31.392208149378767,-37.82274864417695,-33.36469348529866
-0.0494384765625,-31.050853478468312,-42.34105371241782,-34.26213276101285
-0.04913330078125,-31.241853581722644,-45.96464501240949,-36.06548626790953
-0.048828125,-31.90425849546179,-39.525864896081224,-39.30002200561796
-0.04852294921875,-32.95578069265068,-34.72681001715089,-45.93534222027992
-0.0482177734375,-34.19106858915772,-31.642466745261586,-58.38628578613897
-0.04791259765625,-35.150226353370556,-29.568882466348057,-42.56360126686155
-0.047607421875,-35.2950635823214,-28.193199812640756,-37.59584692260789
-0.04730224609375,-34.669819658723576,-27.368024837101363,-34.900288461267365
-0.0469970703125,-33.853668445825,-27.025569552225566,-33.367766661091714
-0.04669189453125,-33.31425621831116,-27.146844314848423,-32.64672875451232
-0.04638671875,-33.28942686646267,-27.753793354896047,-32.61727241867699
-0.04608154296875,-33.94452872249254,-28.916713646531875,-33.28396912076223
-0.0457763671875,-35.52848236318954,-30.780619490291436,-34.779386684838386
-0.04547119140625,-38.64691281771195,-33.6169915246556,-37.485829349513786
-0.045166015625,-45.67295457175945,-37.72910474145189,-42.644864673828366
-0.04486083984375,-52.08214557739558,-40.537080561989136,-62.60183277810762
-0.0445556640625,-39.55687966650264,-37.08259879997525,-44.37812521393421
-0.04425048828125,-34.61544812353202,-33.52980540159624,-38.097236413656525
-0.0439453125,-31.691346687490917,-31.25464542651455,-34.9024590758643
-0.04364013671875,-29.825665613643512,-29.926447512625764,-33.07113322193737
-0.0433349609375,-28.685148952596833,-29.32944882585047,-32.122318256536175
-0.04302978515625,-28.131132705215506,-29.374309634453574,-31.885850070757154
-0.042724609375,-28.116232473833325,-30.06113008051929,-32.332420273606346
-0.04241943359375,-28.657845705017607,-31.47820547595341,-33.550783098845336
-0.0421142578125,-29.848061486935144,-33.83372725811683,-35.822419487637895
-0.04180908203125,-31.91329516321546,-37.42252614038542,-39.983679749734556
-0.04150390625,-35.430669977956725,-40.839344725200746,-50.47030722375503
-0.04119873046875,-42.404527357736185,-38.33976165814108,-47.20344544274159
-0.0408935546875,-47.13805103687487,-34.511226320728525,-38.79008092309953
-0.04058837890625,-37.31906992863718,-31.918658891220865,-34.97034085752917
-0.040283203125,-32.873646783749535,-30.320058034773005,-32.800296053878355
-0.03997802734375,-30.322723448460867,-29.46700956537082,-31.608620476856583
-0.0396728515625,-28.79767773343921,-29.227567820334656,-31.1618962725384
-0.03936767578125,-27.982797345579723,-29.532953733828787,-31.39511968013796
-0.0390625,-27.742364752560565,-30.323339745791422,-32.35910587586011
-0.03875732421875,-28.020243543166025,-31.445751830898732,-34.26085122669937
-0.0384521484375,-28.799978533420358,-32.43443931020717,-37.68849870369229
-0.03814697265625,-30.067205687347677,-32.46315309148464,-44.99866485132908
-0.037841796875,-31.70884629765353,-31.29260772802096,-52.55799226600696
-0.03753662109375,-33.22657553060716,-29.662628243542947,-39.75775324781323
-0.0372314453125,-33.57059332788105,-28.199679989257834,-35.117553374541814
-0.03692626953125,-32.453000978946136,-27.124784591768673,-32.55425351602036
-0.03662109375,-30.880450011962182,-26.484026474435808,-31.09923119398321
-0.03631591796875,-29.569650734599556,-26.283198314103974,-30.435766789001462
-0.0360107421875,-28.715983336165408,-26.53442931775221,-30.458997078384073
-0.03570556640625,-28.33231270828054,-27.275849323274564,-31.185001643057042
-0.035400390625,-28.386496747976103,-28.591855757372777,-32.763225236437
-0.03509521484375,-28.817302901116033,-30.655466076823746,-35.61890815839563
-0.0347900390625,-29.489731967344916,-33.84428288150515,-41.19211206134117
-0.03448486328125,-30.10786615344845,-39.11539941940897,-84.2890639353562
-0.0341796875,-30.21922758809491,-46.52514608332933,-41.15507882232998
-0.03387451171875,-29.574849935759783,-40.48819797264294,-35.36501044846695
-0.0335693359375,-28.441070370967623,-35.88753120618881,-32.332136807371285
-0.03326416015625,-27.254409917617643,-33.55088284388461,-30.586267919823005
-0.032958984375,-26.28384881057194,-32.4876222130206,-29.69592240044375
-0.03265380859375,-25.641147693216976,-32.34084034685185,-29.50925724644422
-0.0323486328125,-25.368978245620937,-32.96469739633322,-30.008605657487312
-0.03204345703125,-25.49346040029121,-34.21384751817304,-31.29683901744601
-0.03173828125,-26.050378724036108,-35.564783710983,-33.686232347070316
-0.03143310546875,-27.104849026941086,-35.6881573209189,-38.128250976970136
-0.0311279296875,-28.781509344212033,-34.07344468783884,-50.4621686185716
-0.03082275390625,-31.337996119768437,-32.020615499569914,-43.315725771894705
-0.030517578125,-35.41115599187936,-30.382952514443268,-35.74622145043301
-0.03021240234375,-43.354042382271416,-29.35264929511263,-32.13319364440448
-0.0299072265625,-47.5757240356247,-28.94685057314796,-30.059502332943637
-0.02960205078125,-38.095124461214446,-29.170322553713135,-28.927782492730337
-0.029296875,-34.22578735227485,-30.02224863013999,-28.528006781736032
-0.02899169921875,-32.227191106783714,-31.340880854670935,-28.807673092974532
-0.0286865234375,-31.235527708231288,-32.22617415452926,-29.830040719654875
-0.02838134765625,-30.887955186414608,-31.082496417577214,-31.825210309248703
-0.028076171875,-30.919517934849306,-28.447201780536297,-35.45383238776225
-0.02777099609375,-31.01887958866096,-25.831847139130666,-43.57934179666831
-0.0274658203125,-30.831117988566923,-23.713981301361233,-47.181681366153285
-0.02716064453125,-30.17415110821404,-22.11567999184814,-36.318224121918085
-0.02685546875,-29.205508431031575,-20.98516654420211,-31.956774923349897
-0.02655029296875,-28.234325103449677,-20.279788244510236,-29.504948358270884
-0.0262451171875,-27.496832258627137,-19.978935977378857,-28.111917308876894
-0.02593994140625,-27.1278990053214,-20.08635212567149,-27.492191411302223
-0.025634765625,-27.21478630986565,-20.635070516585845,-27.55511570709162
-0.02532958984375,-27.84832163606831,-21.701630467973505,-28.32837910790486
-0.0250244140625,-29.168245564465664,-23.443408578519907,-29.979550759071664
-0.02471923828125,-31.417196497942165,-26.207909396065524,-32.98247236517347
-0.0244140625,-34.88611376732127,-30.96010698350753,-39.022277216565314
-0.02410888671875,-37.75646146280665,-42.11374510406144,-58.38330055495745
-0.0238037109375,-34.613355489915065,-35.383004623556936,-37.18686020205668
-0.02349853515625,-30.631801285426583,-28.61949281875157,-31.802323798973433
-0.023193359375,-27.88391132357298,-25.220900709178395,-28.90242194011361
-0.02288818359375,-26.10201203841152,-23.228521574070946,-27.22100031180257
-0.0225830078125,-25.057488567482224,-22.08523748167903,-26.37020451857078
-0.02227783203125,-24.644909904114257,-21.56741727943736,-26.215205387947684
-0.02197265625,-24.84737057082696,-21.5721180309897,-26.749830608820698
-0.02166748046875,-25.73503949888293,-22.0465655587861,-28.091846304940198
-0.0213623046875,-27.517819200185176,-22.94276254511489,-30.587813930882138
-0.02105712890625,-30.75947630005176,-24.144383282407404,-35.32631275049718
-0.020751953125,-37.58919273694017,-25.319819202708498,-50.456358469758925
-0.02044677734375,-45.88628141027755,-25.84306177113175,-38.575721342748565
-0.0201416015625,-32.859478628102956,-25.337846642490845,-31.66936675012027
-0.01983642578125,-27.96841997573727,-24.242849203820114,-28.221028748142626
-0.01953125,-25.184644832384258,-23.175783019497615,-26.21429087931482
-0.01922607421875,-23.504185088740442,-22.452772701027605,-25.11581903803615
-0.0189208984375,-22.593743518590678,-22.193576299983334,-24.736958268850824
-0.01861572265625,-22.330068851102244,-22.466575531889546,-25.03728627977899
-0.018310546875,-22.69471404449131,-23.36716647611274,-26.092929185589536
-0.01800537109375,-23.75000610545088,-25.089284086990634,-28.159296697160002
-0.0177001953125,-25.630451202072422,-28.088452550403854,-31.98122017383071
-0.01739501953125,-28.346470905004615,-33.681626502376005,-41.10677413446963
-0.01708984375,-30.132689723594993,-40.07267552817978,-41.07206770187278
-0.01678466796875,-27.686741618595057,-31.311849174752403,-31.557506293666044
-0.0164794921875,-24.13881408532196,-26.441635391330127,-27.41010465702271
-0.01617431640625,-21.378736889451165,-23.607297848379112,-25.02676134335537
-0.015869140625,-19.39674133746681,-21.863249126718877,-23.65627231190701
-0.01556396484375,-18.026413429315987,-20.860258666437744,-23.04122551215865
-0.0152587890625,-17.156135733651695,-20.4488804678633,-23.1044004869663
-0.01495361328125,-16.723268395717852,-20.570743018356783,-23.885205161414262
-0.0146484375,-16.699184293691275,-21.224223009721996,-25.57070041878916
-0.01434326171875,-17.08060105693772,-22.456992173588993,-28.689986289413905
-0.0140380859375,-17.884735758228853,-24.369829084844486,-35.23568718444285
-0.01373291015625,-19.141828487420128,-27.094159927929034,-47.16863098084999
-0.013427734375,-20.86372411984899,-30.447820448878606,-31.466415083425552
-0.01312255859375,-22.909197870866866,-32.2422665325214,-26.37896663706112
-0.0128173828125,-24.594375397640253,-30.60017531735781,-23.545168450283107
-0.01251220703125,-24.735584284619826,-28.618528286568843,-21.865967058866453
-0.01220703125,-23.524207885414693,-27.6555332133649,-20.99205021149411
-0.01190185546875,-22.195526415975987,-27.877685519448022,-20.804303728813174
-0.0115966796875,-21.357902104959884,-29.50910478723757,-21.30779785325618
-0.01129150390625,-21.186078638427247,-32.93012048656208,-22.635905372605766
-0.010986328125,-21.788887507685473,-34.067961767145505,-25.17334719688067
-0.01068115234375,-23.35059647524837,-28.349136599638214,-30.173528200359222
-0.0103759765625,-26.06134988737137,-23.684506189356537,-50.45287792229569
-0.01007080078125,-28.11594844691264,-20.442455043769527,-31.39583118641007
-0.009765625,-24.652230462218686,-18.13802613983578,-24.944302687727404
-0.00946044921875,-20.15736919518222,-16.514099712483464,-21.54648683341872
-0.0091552734375,-16.71718444108429,-15.44242692432402,-19.49806183183221
-0.00885009765625,-14.113310294950573,-14.86569378014774,-18.321026373458945
-0.008544921875,-12.097813681729562,-14.776088593117091,-17.845827459442404
-0.00823974609375,-10.517082417858198,-15.21491895087146,-18.043203766710864
-0.0079345703125,-9.2751360510522,-16.294921054905362,-19.00201061595315
-0.00762939453125,-8.308531402105277,-18.273617371228315,-21.004781063459752
-0.00732421875,-7.573049484435651,-21.814533658438158,-24.894003674346518
-0.00701904296875,-7.036708862409321,-29.39284803338394,-35.18149465562243
-0.0067138671875,-6.676173163231943,-30.861244559788616,-31.345554399637656
-0.00640869140625,-6.47514620139979,-21.640170251784276,-22.657371766006634
-0.006103515625,-6.424067771530888,-17.205665962568865,-18.49503524806679
-0.00579833984375,-6.520761082271034,-14.503087198545705,-15.953242357476796
-0.0054931640625,-6.771882374144019,-12.772631013416703,-14.363672925213624
-0.00518798828125,-7.19524871178818,-11.739081011656571,-13.491810704076405
-0.0048828125,-7.823530384537129,-11.299781195115457,-13.270261856187158
-0.00457763671875,-8.710618341481949,-11.44898289530792,-13.746789926794419
-0.0042724609375,-9.943665857908792,-12.275624616786416,-15.125202775240423
-0.00396728515625,-11.667098575592501,-14.031097896081743,-17.992488237917133
-0.003662109375,-14.126325767842872,-17.410412035975614,-24.72812554244928
-0.00335693359375,-17.643946914912043,-25.21083770791758,-31.315439681819374
-0.0030517578125,-20.888957681124595,-25.074055212623037,-17.915491813854388
-0.00274658203125,-18.10685751305375,-15.706071902418364,-12.45280806884216
-0.00244140625,-13.77935191138514,-10.947099449027714,-8.94761584626383
-0.00213623046875,-10.544502396974018,-7.801783186301031,-6.4110316900511775
-0.0018310546875,-8.15887442790314,-5.518170170355539,-4.486255648407766
-0.00152587890625,-6.357931734259795,-3.798425249087658,-3.0038279127886924
-0.001220703125,-4.988458945021312,-2.4951127748750874,-1.8707334298559126
-0.00091552734375,-3.9616353540919587,-1.5255797604139962,-1.031612602564867
-0.0006103515625,-3.2242139660162428,-0.84017913622687,-0.4523361013813295
-0.00030517578125,-2.743970680999623,-0.40834372234330557,-0.11219716685799391
0.0,-2.502309374157736,-0.21183506920613054,0.0
0.00030517578125,-2.4905299005668233,-0.24134230202195522,-0.11219725461009424
0.0006103515625,-2.708199011333761,-0.49489889998162223,-0.4523362801218098
0.00091552734375,-3.1630116310942515,-0.9775055693929559,-1.031612879292155
0.001220703125,-3.872107594431485,-1.701819980218877,-1.8707338165786678
0.00152587890625,-4.865387233025038,-2.6901543443673144,-3.0038284290262363
0.0018310546875,-6.1923605120646865,-3.9785622620650996,-4.486256326246666
0.00213623046875,-7.936400841458101,-5.624930913686677,-6.411032585234253
0.00244140625,-10.246902166338641,-7.72595650098435,-8.947617066199134
0.00274658203125,-13.42180469805334,-10.457165697904252,-12.452809861590737
0.0030517578125,-18.149248223985555,-14.186843799874424,-17.915494999534264
0.00335693359375,-25.40929692567969,-19.923166774763626,-31.31545328978728
0.003662109375,-22.91225775705327,-32.372977821757104,-24.728119951668578
0.00396728515625,-17.486889085929647,-25.78150205285787,-17.992486084482348
0.0042724609375,-14.363983609489301,-20.036708389955514,-15.125201556295174
0.00457763671875,-12.403798240113472,-17.625774920376042,-13.746789175150994
0.0048828125,-11.105870262636548,-16.669097741376635,-13.270261411365677
0.00518798828125,-10.229123062680772,-16.66645695622201,-13.491810502094001
0.0054931640625,-9.637449304642608,-17.476745624614757,-14.363672949733125
0.00579833984375,-9.24665083681733,-19.148747924797394,-15.953242633099293
0.006103515625,-9.004648958480887,-21.955507125189694,-18.495035867960237
0.00640869140625,-8.883655160235671,-26.666814058956003,-22.657373035125893
0.0067138671875,-8.876206823134519,-33.92686396620673,-31.3455582079595
0.00701904296875,-8.99186900125456,-29.440783034426296,-35.181488721443
0.00732421875,-9.254051557443116,-24.425583737818805,-24.894002003049728
0.00762939453125,-9.697861368350084,-21.76893887877376,-21.0047801650413
0.0079345703125,-10.370480514660878,-20.41502521491859,-19.00201008275388
0.00823974609375,-11.33598694862198,-19.967874250747332,-18.04320347565381
0.008544921875,-12.688223067311403,-20.295676531019,-17.845827365980686
0.00885009765625,-14.58136503222258,-21.410213398582275,-18.32102647009716
0.0091552734375,-17.309363671922142,-23.438102239145184,-19.498062142731143
0.00946044921875,-21.553191203274842,-26.472335791245296,-21.546487434062648
0.009765625,-28.913362512400926,-28.894353590249416,-24.944303795376392
0.01007080078125,-27.517027906137834,-26.623143742852136,-31.395833771011606
0.0103759765625,-21.086043105557316,-23.06329835803039,-50.45285432410133
0.01068115234375,-17.494166805721285,-20.40958005046338,-30.17352605038753
0.010986328125,-15.265943844613899,-18.599326875039964,-25.173346150884313
0.01129150390625,-13.833815774142995,-17.433186153053676,-22.635904765533073
0.0115966796875,-12.950450619858886,-16.785128721427466,-21.307797512817995
0.01190185546875,-12.489473014896797,-16.58569149182944,-20.804303593228546
0.01220703125,-12.378814604770636,-16.80294612984787,-20.992050263404316
0.01251220703125,-12.573191572049673,-17.432546815182267,-21.865967311995675
0.0128173828125,-13.039961642965544,-18.492873382806415,-23.545168960040588
0.01312255859375,-13.7495456962939,-20.018288761372457,-26.378967557466247
0.013427734375,-14.66685166974608,-22.027121560281977,-31.46641697817816
0.01373291015625,-15.743057447027027,-24.369084413782545,-47.16864306425411
0.0140380859375,-16.91130523653845,-26.248060986915405,-35.23568422864802
0.01434326171875,-18.095996643977745,-26.313036159430414,-28.689985049840452
0.0146484375,-19.245736440752587,-24.95040350574235,-25.570699720099217
0.01495361328125,-20.38029544609653,-23.513229395823064,-23.88520476125815
0.0152587890625,-21.61708185399171,-22.52617315716002,-23.104400302601384
0.01556396484375,-23.161397204013436,-22.06603872988659,-23.041225515875603
0.015869140625,-25.281082951341205,-22.12353960732552,-23.65627250820079
0.01617431640625,-28.155274712819335,-22.701749113273216,-25.026761772321855
0.0164794921875,-30.408962997889244,-23.845113341284065,-27.410105430804023
0.01678466796875,-28.249865001246004,-25.666481971210825,-31.557507771561678
0.01708984375,-24.532363312139353,-28.400339757826018,-41.07207245087889
0.01739501953125,-21.583392384243,-32.453354884155296,-41.10676940877476
0.0177001953125,-19.430162758136735,-36.9650776955637,-31.981218660719865
0.01800537109375,-17.89067234117843,-34.859930609241104,-28.159295883357416
0.018310546875,-16.839708462526875,-30.87999402363416,-26.09292871511627
0.01861572265625,-16.202809161550384,-28.292970796609236,-25.03728604117995
0.0189208984375,-15.939197854346201,-26.72045100451112,-24.736958222217073
0.01922607421875,-16.032198066606515,-25.838328509615415,-25.115819178911845
0.01953125,-16.485741807509548,-25.461791197144727,-26.214291235411707
0.01983642578125,-17.325925904877316,-25.4724447686064,-28.221029402301777
0.0201416015625,-18.608732950638075,-25.777118972827964,-31.669367945587915
0.02044677734375,-20.43860902629117,-26.285020310672593,-38.57572426737517
0.020751953125,-23.00978062683526,-26.898282950698878,-50.45634680164541
0.02105712890625,-26.68345703203712,-27.520783774313053,-35.32631083029032
0.0213623046875,-31.720138919946233,-28.08774441788888,-30.587812972260714
0.02166748046875,-33.13174468436409,-28.598162318443183,-28.091845752737253
0.02197265625,-28.985411087811443,-29.118735567058323,-26.749830310674938
0.02227783203125,-25.91457179704345,-29.754924573257586,-26.215205288896367
0.0225830078125,-24.042119114060462,-30.617839103917113,-26.37020460492248
0.02288818359375,-22.94784459139954,-31.80800539187461,-27.221000600702258
0.023193359375,-22.376850730499157,-33.411276467664656,-28.902422492870535
0.02349853515625,-22.153399953785332,-35.48489741123412,-31.80232478705509
0.0238037109375,-22.122614496763635,-37.9868082190451,-37.18686229066474
0.02410888671875,-22.13004141403511,-40.5751420772544,-58.38332552211382
0.0244140625,-22.04122027670089,-42.540630665674676,-39.02227462895126
0.02471923828125,-21.79055070115198,-43.840400763889306,-32.98247122085262
0.0250244140625,-21.40916923151711,-45.88387300880306,-29.9795501120137
0.02532958984375,-20.99410068031012,-51.56223967919844,-28.328378744884027
0.025634765625,-20.652046376220227,-51.601165537551246,-27.55511555383668
0.02593994140625,-20.466205308955622,-41.4807458660095,-27.49219144407187
0.0262451171875,-20.491794844512107,-35.88874964134141,-28.111917535339312
0.02655029296875,-20.763563282138662,-32.081221839800435,-29.504948823253972
0.02685546875,-21.30306132310203,-29.27288253757267,-31.956775751112254
0.02716064453125,-22.120336740207307,-27.14267933110272,-36.31822572648124
0.0274658203125,-23.20549626599496,-25.528015747168645,-47.18168735313292
0.02777099609375,-24.501050939939507,-24.336491471362073,-43.57933789595791
0.028076171875,-25.844381244229506,-23.51272737456025,-35.45383099425396
0.02838134765625,-26.915344063124444,-23.023682217069723,-31.82520954977231
0.0286865234375,-27.36530112528429,-22.851458758737543,-29.830040285012174
0.02899169921875,-27.172295928635926,-22.989506622689913,-28.80767288303245
0.029296875,-26.673062426933996,-23.440224972766348,-28.528006761193886
0.02960205078125,-26.21068549732511,-24.21216543601847,-28.927782660253882
0.0299072265625,-25.972302323644605,-25.31332384090321,-30.059502720182426
0.03021240234375,-26.032770569068408,-26.73113224189823,-32.13319434294014
0.030517578125,-26.415251461962477,-28.375524753933767,-35.74622273597874
0.03082275390625,-27.121360601287584,-29.955535038428238,-43.315729142021596
0.0311279296875,-28.139629069346643,-30.91587884599026,-50.462160866591574
0.03143310546875,-29.441345462315486,-30.897698845956853,-38.12824922717415
0.03173828125,-30.9694801111188,-30.264742038780415,-33.68623145061371
0.03204345703125,-32.633658412274215,-29.598367425775027,-31.296838502276888
0.0323486328125,-34.344353191074944,-29.22389112954423,-30.008605387304087
0.03265380859375,-36.11949577932005,-29.271313259388574,-29.509257171956445
0.032958984375,-38.23287522816591,-29.807714652052027,-29.695922511225312
0.03326416015625,-41.421049430578634,-30.910556619071436,-30.586268236454394
0.0335693359375,-48.08785858955838,-32.722109505363676,-32.33213739772411
0.03387451171875,-55.61616307409858,-35.54728178036976,-35.36501150468784
0.0341796875,-42.03561582802714,-40.16835918018498,-41.155081141876664
0.03448486328125,-36.64906524123923,-48.93176138685857,-84.28871958461421
0.0347900390625,-33.32873934440988,-46.22857072302767,-41.19210975435675
0.03509521484375,-31.074358057908547,-40.07788032577998,-35.61890709019618
0.035400390625,-29.534966107252426,-37.19092376685722,-32.763224629608246
0.03570556640625,-28.552826037009467,-35.86619580392227,-31.185001308447386
0.0360107421875,-28.052621694623433,-35.59067792810649,-30.458996949040976
0.03631591796875,-28.00516885750842,-36.19654272213161,-30.43576684479924
0.03662109375,-28.41522630825377,-37.5921418685149,-31.099231445751755
0.03692626953125,-29.319982991728637,-39.30591989100983,-32.554254013729434
0.0372314453125,-30.791528728543298,-39.51562709439556,-35.11755425640929
0.03753662109375,-32.91970086526079,-37.26654650217229,-39.7577549956729
0.037841796875,-35.61714829351788,-34.53385247882909,-52.55800035900911
0.03814697265625,-37.60514365064124,-32.32770213179912,-44.99866152936797
0.0384521484375,-36.57993772940236,-30.737590611792708,-37.68849740972709
0.03875732421875,-34.14510582774649,-29.693129733242497,-34.26085051258129
0.0390625,-32.14193859940244,-29.13221763353326,-32.359105470797
0.03936767578125,-30.8365506345553,-29.022287936900078,-31.395119493841346
0.0396728515625,-30.163803378224948,-29.36144142396836,-31.161896273905754
0.03997802734375,-30.058251847388007,-30.182537700681745,-31.60862066760723
0.040283203125,-30.48794677790333,-31.568572785851792,-32.80029646983336
0.04058837890625,-31.43671340648114,-33.6956989594038,-34.97034160008562
0.0408935546875,-32.83648445157253,-36.9634900223469,-38.79008230674225
0.04119873046875,-34.34609560552725,-42.51493342601148,-47.20344940892637
0.04150390625,-35.01381153952801,-53.17195857620049,-50.470301426380395
0.04180908203125,-34.09160927930709,-44.37380276743518,-39.983678142645886
0.0421142578125,-32.3578260896661,-39.15917185784273,-35.82241864533604
0.04241943359375,-30.734724287397242,-36.55869997837598,-33.550782615995615
0.042724609375,-29.53539853167358,-35.23629788905936,-32.33242002785396
0.04302978515625,-28.807099662778406,-34.76196321496285,-31.885850017976338
0.0433349609375,-28.542335162993613,-34.96682770320325,-32.12231838945988
0.04364013671875,-28.740806261086593,-35.78630145589719,-33.071133564726985
0.0439453125,-29.428652272834448,-37.191398903644696,-34.902459703645455
0.04425048828125,-30.672099675992346,-39.087871459594965,-38.09723754269285
0.0445556640625,-32.595956980864926,-41.03895821379622,-44.378127814653524
0.04486083984375,-35.38169144996101,-41.99626347561133,-62.60181099652546
0.045166015625,-38.879395236362,-41.51104544268763,-42.64486259401296
0.04547119140625,-40.181306202580714,-40.62429870108168,-37.485828348293516
0.0457763671875,-37.38407189008538,-40.22188212958865,-34.77938611393485
0.04608154296875,-34.50723290652247,-40.674194011947115,-33.28396881163964
0.04638671875,-32.537568952679344,-42.25052896073001,-32.61727231097464
0.04669189453125,-31.32734330863867,-45.1230475609743,-32.64672883153772
0.0469970703125,-30.716497183072544,-46.485166897430254,-33.36776693689402
0.04730224609375,-30.606452813148465,-42.20712281551519,-34.90028899138611
0.047607421875,-30.93775105509424,-37.894806679000254,-37.59584786117622
0.04791259765625,-31.665150548176687,-34.776513918231345,-42.563603179753606
0.0482177734375,-32.72561269033451,-32.54348932044787,-58.386298234947816
0.04852294921875,-33.98356903026636,-30.963428730504788,-45.93533933145246
0.048828125,-35.16127210468863,-29.905671493876387,-39.300020799448795
0.04913330078125,-35.88448576027905,-29.30024375009132,-36.06548559519877
0.0494384765625,-36.00754571782631,-29.116128709495523,-34.26213238331502
0.04974365234375,-35.81430946238669,-29.352965120657753,-33.36469332113351
0.050048828125,-35.72277871938971,-30.042063503800776,-33.18734353874591
0.05035400390625,-36.0403430750435,-31.25768466449788,-33.69135110691506
0.0506591796875,-36.998987094015234,-33.14584441025295,-34.95470821236641
0.05096435546875,-38.896658880147825,-35.984523516132256,-37.23652653706481
0.05126953125,-42.356226580345584,-40.172660152612735,-41.29414384858069
0.05157470703125,-48.69256673001058,-43.64417322886031,-50.786682322477375
0.0518798828125,-47.53374376366538,-40.18984835556598,-50.48077170791224
0.05218505859375,-40.89431229722316,-36.340016196272245,-41.33509615757163
0.052490234375,-37.00198091552362,-33.82933546854367,-37.43284353290599
0.05279541015625,-34.55101029881507,-32.25469422788851,-35.279447273628705
0.0531005859375,-32.98156843627105,-31.34861141232905,-34.13610869375256
0.05340576171875,-32.05291681645242,-30.971498446948917,-33.74913490962592
0.0537109375,-31.65293644324106,-31.05289833947968,-34.04321821373379
0.05401611328125,-31.73536256313359,-31.563029895373088,-35.05952253496899
0.0543212890625,-32.29865866275969,-32.499819793403866,-36.98802890356881
0.05462646484375,-33.38366089774429,-33.88196670574017,-40.366064325362096
0.054931640625,-35.08561910094266,-35.73926894572848,-47.23395405986914
0.05523681640625,-37.58077645139511,-38.07818000551978,-58.67137284090486
0.0555419921875,-41.1113436475445,-40.752279764006296,-43.70293512345687
0.05584716796875,-45.078045598052974,-43.144821381332285,-38.911140216608906
0.05615234375,-44.81575390962851,-44.30419625870933,-36.34949926148215
0.05645751953125,-41.668716326615474,-44.47116426068777,-34.93945818608916
0.0567626953125,-39.42095965354267,-44.841368404105125,-34.33685217701458
0.05706787109375,-38.24773087340587,-46.30663561348274,-34.424908744502034
0.057373046875,-37.96841254046412,-49.9909486833894,-35.210535536645104
0.05767822265625,-38.5235382184549,-61.879243213050586,-36.82963711515808
0.0579833984375,-39.988299559737285,-53.06002811111762,-39.67281600347669
0.05828857421875,-42.556334541811665,-45.25663977148862,-45.01871088187197
0.05859375,-45.92636396112621,-41.18969807535484,-66.74994809671242
0.05889892578125,-45.82284374227199,-38.628553250498676,-46.606974028303355
0.0592041015625,-41.90777182206959,-36.97456457645237,-40.54031336443751
0.05950927734375,-38.650703762148204,-35.98708511810462,-37.48796162486039
0.059814453125,-36.41891151042924,-35.55762888620696,-35.783074370032864
0.06011962890625,-34.95838697742929,-35.645146419135884,-34.95526619597187
0.0604248046875,-34.09650606227395,-36.25520606151219,-34.83821000856909
0.06072998046875,-33.73820518720826,-37.43564063226573,-35.404981310858915
0.06103515625,-33.83778949793858,-39.271693679043516,-36.747147582579494
0.06134033203125,-34.384684108414824,-41.805786667236305,-39.15218367255345
0.0616455078125,-35.39983664929486,-44.44353978860463,-43.47823824401424
0.06195068359375,-36.94160965637942,-44.743543284833684,-54.39923804047251
0.062255859375,-39.12607538309126,-42.51476480924556,-50.49357530703035
0.06256103515625,-42.18166444993077,-40.277544980697215,-42.378326712443794
0.0628662109375,-46.62007978137822,-38.7408979442406,-38.71399806703659
0.06317138671875,-54.04393745869149,-37.87804699675015,-36.676163085789184
0.0634765625,-80.17274499350842,-37.59352409005481,-35.60939535779505
0.06378173828125,-57.87328419327111,-37.80360064588032,-35.28520474656771
0.0640869140625,-55.81376422740293,-38.40322366041387,-35.64116913016677
0.06439208984375,-58.874586823684496,-39.18068007584993,-36.73060561279651
0.064697265625,-60.6677117568065,-39.718022082439305,-38.76504025369246
0.06500244140625,-51.100257691677555,-39.541321246149,-42.34648696671318
0.0653076171875,-45.424250114485254,-38.63983903063555,-49.92316337735788
0.06561279296875,-41.72822805292089,-37.469803564699056,-56.74582811018661
0.06591796875,-39.16198813484065,-36.43259291722322,-44.51676007944002
0.06622314453125,-37.3753532179005,-35.716582190666244,-40.05236998428401
0.0665283203125,-36.20028632621523,-35.391574241886715,-37.62938401489927
0.06683349609375,-35.55488792087974,-35.489465889029546,-36.30473914769279
0.067138671875,-35.41019673863925,-36.04222028171523,-35.76833318696832
0.06744384765625,-35.7820507829947,-37.09960225092031,-35.91826020866947
0.0677490234375,-36.7412225389521,-38.73609735139614,-36.77295693462851
0.06805419921875,-38.45367204382431,-41.021006583075625,-38.48545016957459
0.068359375,-41.30976795365256,-43.763115553607996,-41.490357797157415
0.06866455078125,-46.468438174082934,-45.5282222355492,-47.27323812237705
0.0689697265625,-58.97280837897108,-44.57852458770301,-84.28869428729868
0.06927490234375,-48.29954815551873,-42.66127163268861,-47.116679903876275
0.069580078125,-42.33762197432558,-41.286668419187,-41.53689072721658
0.06988525390625,-39.23872522867918,-40.728481663248914,-38.65562505031072
0.0701904296875,-37.451173107757356,-41.04126405798275,-37.04754593282832
0.07049560546875,-36.50484063979894,-42.38742243399196,-36.29047320913915
0.07080078125,-36.21555822657734,-45.2651395105575,-36.23613122410529
0.07110595703125,-36.51518161812257,-51.154562297797966,-36.86921200661265
0.0714111328125,-37.39697264070814,-53.03388934319628,-38.29555925384576
0.07171630859375,-38.87624212113491,-45.057372125218436,-40.834118543977304
0.072021484375,-40.864644142459674,-40.54399903939323,-45.46222462176068
0.07232666015625,-42.681308629512536,-37.730197609632576,-58.39126205367745
0.0726318359375,-42.69897012239302,-35.900067661610166,-50.5087164707102
0.07293701171875,-40.93230745537157,-34.76735225809823,-43.21657944104931
0.0732421875,-39.010000370826035,-34.206337897088616,-39.77111929635919
0.07354736328125,-37.607555983308806,-34.172589731160954,-37.8451472957543
0.0738525390625,-36.81660316997793,-34.681416530598185,-36.855045285674144
0.07415771484375,-36.630804632458926,-35.81714834248474,-36.59529874208666
0.074462890625,-37.07371959861375,-37.78550309529336,-37.01591301802622
0.07476806640625,-38.24812328097024,-41.09545761747184,-38.18274692364898
0.0750732421875,-40.424043575646664,-47.37026569608858,-40.33087208776927
0.07537841796875,-44.36232639898867,-53.887374808689,-44.13701373096099
0.07568359375,-53.600237507442856,-44.03325589165326,-52.58658276176368
0.07598876953125,-52.756065381361665,-39.3323873632487,-55.57850590917134
0.0762939453125,-43.78343757691016,-36.63595148965512,-45.16769091078483
0.07659912109375,-39.724968926016395,-34.997712465854526,-40.9971661952039
0.076904296875,-37.352827739945795,-34.07662945993139,-38.706404368039614
0.07720947265625,-35.935907662633014,-33.727546081669516,-37.46615194732075
0.0775146484375,-35.20351956972509,-33.895351105586634,-36.996890228912115
0.07781982421875,-35.04351838301148,-34.584362038121945,-37.210788527935506
0.078125,-35.423287309102655,-35.85974983627664,-38.137943895001676
0.07843017578125,-36.36828522201927,-37.88259426659333,-39.94980526967302
0.0787353515625,-37.96443047227487,-41.028846156764914,-43.13088671074382
0.07904052734375,-40.36436178408509,-46.357053625713306,-49.423027888814644
0.079345703125,-43.643501595196454,-56.556793891681366,-67.02190855300992
0.07965087890625,-46.34175767316408,-48.83201430016105,-47.520163355547886
0.0799560546875,-44.825812330762005,-43.49015873546872,-42.36295497973895
0.08026123046875,-41.88148711022214,-40.854058314368956,-39.64233676767283
0.08056640625,-39.7570291636453,-39.559577175215225,-38.128766313988805
0.08087158203125,-38.51121997836286,-39.189341223672265,-37.442654830676226
0.0811767578125,-38.0008182795962,-39.62383825845427,-37.45253022173185
0.08148193359375,-38.15050369031341,-40.918572894126115,-38.15459295350852
0.081787109375,-38.95534808330956,-43.35848851423946,-39.66979096437023
0.08209228515625,-40.46195275906406,-47.854139554848636,-42.352171574488324
0.0823974609375,-42.67447566039329,-58.98330521894495,-47.321349590271915
0.08270263671875,-44.9763863764862,-52.78567662561731,-63.392641653059044
0.0830078125,-45.07619882521392,-45.76253917924813,-50.5262001771989
0.08331298828125,-42.77696265907336,-42.39367121822774,-43.91051973122467
0.0836181640625,-40.43288067593983,-40.55081735134188,-40.667051881268264
0.08392333984375,-38.772065640121696,-39.67270886773652,-38.84899193778382
0.084228515625,-37.802243575388644,-39.57131264980142,-37.93501267011622
0.08453369140625,-37.46767289670502,-40.22699342421808,-37.7406535782775
0.0848388671875,-37.76107530417586,-41.77276966032003,-38.227985267476505
0.08514404296875,-38.75332802628322,-44.63036260968791,-39.475894544544204
0.08544921875,-40.65403037993332,-50.26492733201606,-41.74531805820116
0.08575439453125,-44.0306080844078,-71.34509279070674,-45.79990107629514
0.0860595703125,-51.04897824408078,-49.83520453610747,-55.35621566843713
0.08636474609375,-59.11482374713961,-44.161612193570924,-54.7915550109268
0.086669921875,-46.38176749962513,-41.157188524008745,-45.7041630824894
0.08697509765625,-41.63665041101446,-39.40859999127766,-41.799183100268905
0.0872802734375,-38.97233990116236,-38.486424343670976,-39.634428966983414
0.08758544921875,-37.39014124695123,-38.22692385344199,-38.47714645511837
0.087890625,-36.54995660773916,-38.585416490031456,-38.075420216673706
0.08819580078125,-36.3146822201439,-39.60577450164206,-38.354827255549964
0.0885009765625,-36.64322531276379,-41.44959816956604,-39.357339933129495
0.08880615234375,-37.5650538556049,-44.53881898204016,-41.274335435695136
0.089111328125,-39.19542404207703,-50.25018668463177,-44.64723052540859
0.08941650390625,-41.810989535799585,-76.1811851738671,-51.54072161211745
0.0897216796875,-46.1146106495871,-51.393880393714525,-62.60558759604094
0.09002685546875,-53.904942423385265,-45.79093535101589,-47.85033364952308
0.09033203125,-52.10050965955511,-43.08393017615767,-43.06422993825172
0.09063720703125,-45.90927675563034,-41.75043673493911,-40.49470349998289
0.0909423828125,-42.77224605412676,-41.37984804374529,-39.07314481832983
0.09124755859375,-41.157684375081665,-41.88048732803591,-38.45780971998924
0.091552734375,-40.55162417297973,-43.366073502893414,-38.532955877736455
0.09185791015625,-40.800723604378895,-46.25190658796371,-39.306265521492605
0.0921630859375,-41.95279637894943,-51.517446028451495,-40.91476105109444
0.09246826171875,-44.31039187441407,-53.536393082875506,-43.751851433263475
0.0927734375,-48.8779258448679,-46.89353154484052,-49.108863220643016
0.09307861328125,-60.1766113930252,-42.64952259554492,-71.47616292743629
0.0933837890625,-51.481078153086614,-40.00689549364053,-50.54603216563633
0.09368896484375,-44.96181845567665,-38.3315080370719,-44.49859355103381
0.093994140625,-41.54634013044515,-37.35050219222121,-41.44225602851232
0.09429931640625,-39.51020343722038,-36.94171808778689,-39.72821434405182
0.0946044921875,-38.341689682844724,-37.06173964019704,-38.88953574803164
0.09490966796875,-37.84090359743382,-37.72526660370166,-38.76115440329324
0.09521484375,-37.93593438090628,-39.0132421680872,-39.31693419020112
0.09552001953125,-38.63578333837174,-41.120738912624866,-40.64938219600805
0.0958251953125,-40.03542434565226,-44.52191182440741,-43.04799486643482
0.09613037109375,-42.380287444955414,-50.711483345086194,-47.378347770898095
0.096435546875,-46.31269235100578,-60.30145623200684,-58.3982152606933
0.09674072265625,-54.09491197908124,-49.53486200475485,-54.225646436360776
0.0970458984375,-56.02324368616106,-44.854473819720354,-46.157051963775054
0.09735107421875,-47.77335194237889,-42.476978412281184,-42.49355784532334
0.09765625,-44.04711769145648,-41.32673003645714,-40.448988597720835
0.09796142578125,-42.13158103618162,-41.074243696119936,-39.37310697457044
0.0982666015625,-41.32487879058545,-41.64765971874651,-39.03904036189974
0.09857177734375,-41.425227950363485,-43.15199849484258,-39.38521832127122
0.098876953125,-42.47055392520088,-45.937802019790645,-40.465790763385414
0.09918212890625,-44.78463155247003,-50.6614468472508,-42.49380705153609
0.0994873046875,-49.50050370219308,-52.84296443658283,-46.07599041279529
0.09979248046875,-61.684170502493956,-47.218219475333456,-53.6922305981752
0.10009765625,-50.33765652652764,-43.14101152988116,-60.22557806044852
0.10040283203125,-44.02759917502421,-40.57428428658944,-48.12794891314514
0.1007080078125,-40.55335079026733,-38.96367074538683,-43.671068587782706
0.10101318359375,-38.36923272787294,-38.048014628623925,-41.24398104472306
0.101318359375,-36.995045296106845,-37.707228213923415,-39.91193912030689
0.10162353515625,-36.231478649809084,-37.89654178065186,-39.367009450518424
0.1019287109375,-35.99192549405697,-38.62338904582539,-39.50825949290441
0.10223388671875,-36.25297726970807,-39.94225642651638,-40.354907668900815
0.1025390625,-37.04350273390697,-41.94632970959023,-42.06118132964667
0.10284423828125,-38.45907648102117,-44.64845529191887,-45.06487203869044
0.1031494140625,-40.719502235322416,-47.15674108078804,-50.86713945575316
0.10345458984375,-44.36656370793574,-46.783062959931115,-84.28853717756817
0.103759765625,-51.20747455974171,-44.34069958698756,-50.56821895581695
0.10406494140625,-57.92077932668292,-42.206539085548684,-45.00655313006274
0.1043701171875,-47.837662959286284,-40.827339396129744,-42.124260931796
0.10467529296875,-43.502278029617116,-40.149727860145425,-40.51053136576787
0.10498046875,-41.195791796133435,-40.11651204687748,-39.746227266907475
0.10528564453125,-39.989453629992646,-40.733005888267606,-39.684244643256676
0.1055908203125,-39.56732387565348,-42.09002015680195,-40.31005467325433
0.10589599609375,-39.81916195188544,-44.41926531103444,-41.73049310001447
0.106201171875,-40.7458186800265,-48.20534144587276,-44.266755525949655
0.10650634765625,-42.449806907766636,-53.18862460616089,-48.90500085525343
0.1068115234375,-45.17235236868039,-51.00207610720531,-61.989379417733204
0.10711669921875,-49.22954605876825,-46.349320371392444,-53.800770798072655
0.107421875,-52.45368961763488,-43.41652495185379,-46.54707633859538
0.10772705078125,-49.339120273215485,-41.675337998755815,-43.10449002278688
0.1080322265625,-45.85350057793991,-40.77522114956783,-41.174730400908395
0.10833740234375,-43.72166849151961,-40.5643883403387,-40.17866694184386
0.108642578125,-42.63356802954563,-41.004430015908426,-39.912264258650666
0.10894775390625,-42.394096934998366,-42.14829573424456,-40.326352497890696
0.1092529296875,-42.96902152542698,-44.16495274782398,-41.487653494811845
0.10955810546875,-44.48743192186495,-47.404312231015496,-43.63290879752565
0.10986328125,-47.37464110323866,-51.968217972351304,-47.44430360199013
0.11016845703125,-52.93281068483542,-52.251783991678536,-55.94960199334263
0.1104736328125,-58.67613031687138,-47.84076197769325,-58.686008872249324
0.11077880859375,-50.149372882472505,-44.7001247188113,-48.36677948355103
0.111083984375,-45.40729008321723,-42.820816095726215,-44.20457183088125
0.11138916015625,-42.67435846050175,-41.85515418217332,-41.91212112318311
0.1116943359375,-41.05219974662256,-41.64671882917237,-40.66719649644235
0.11199951171875,-40.212084394211985,-42.175209372369345,-40.192232425882395
0.1123046875,-40.02755818576961,-43.556181413126644,-40.40032317829837
0.11260986328125,-40.478989695263785,-46.15345420795354,-41.32235978593131
0.1129150390625,-41.6411577927635,-51.127479845372676,-43.13108709903343
0.11322021484375,-43.732777882727675,-63.499460575226564,-46.314628548164194
0.113525390625,-47.299547557921585,-52.326186046985356,-52.6343076371908
0.11383056640625,-53.549572089561906,-46.25315417825167,-69.65435062046245
0.1141357421875,-53.88595663439083,-43.003368405362956,-50.59276786139237
0.11444091796875,-47.428982802818744,-41.050766424364475,-45.45239942634226
0.11474609375,-43.68901477795458,-39.925547826153725,-42.732609610298766
0.11505126953125,-41.455411371708436,-39.43961154556468,-41.21572626001505
0.1153564453125,-40.15000817970906,-39.52182954883911,-40.52485783898242
0.11566162109375,-39.5339128607711,-40.17321875569979,-40.529626481589425
0.115966796875,-39.510422604669564,-41.46573290009793,-41.22700779687631
0.11627197265625,-40.06460931559826,-43.5804955996682,-42.739003004586365
0.1165771484375,-41.255017242352004,-46.92899515349026,-45.42217648743666
0.11688232421875,-43.24795183664478,-52.39506289605514,-50.40673485906642
0.1171875,-46.44705379651124,-56.17572103253103,-66.7521898904249
0.11749267578125,-52.00596572581488,-50.4845096689786,-53.472007356012085
0.1177978515625,-60.97734592380023,-46.72599112532626,-46.88870997457564
0.11810302734375,-52.77712636160964,-44.70407496111064,-43.64931168296159
0.118408203125,-47.97144592389439,-43.79879208729619,-41.829435494633785
0.11871337890625,-45.59972935404002,-43.787988389887516,-40.91166160418887
0.1190185546875,-44.55174795856672,-44.66290566145682,-40.71288900203363
0.11932373046875,-44.50090511278424,-46.61679025493265,-41.19599221225216
0.11962890625,-45.422411678673626,-50.17117999338821,-42.44075792988747
0.11993408203125,-47.55026925006487,-55.31013183710148,-44.70996255986393
0.1202392578125,-51.55089949743434,-52.455159401369826,-48.773629543385056
0.12054443359375,-56.58340579368732,-47.221642005986425,-58.40715922337088
0.120849609375,-51.52822225029561,-43.91064791743443,-57.595233063769356
0.12115478515625,-46.458154065578654,-41.81800212161925,-48.57633428681088
0.1214599609375,-43.3069555113712,-40.550482700257476,-44.67995066016833
0.12176513671875,-41.291332232158766,-39.93062006670734,-42.515110784235695
0.1220703125,-40.05097705346514,-39.88932811701019,-41.35504350306141
0.12237548828125,-39.422775790667416,-40.43078716438288,-40.949601459124565
0.1226806640625,-39.339661658702234,-41.6373258426208,-41.225245914128585
0.12298583984375,-39.7973957378605,-43.72472337942581,-42.22476107478503
0.123291015625,-40.85361586228463,-47.250098069384606,-44.1409302241935
0.12359619140625,-42.65924923114325,-54.18942743903418,-47.51930006761468
0.1239013671875,-45.563708277335934,-61.052979269779016,-54.449356379634395
0.12420654296875,-50.4720481801283,-50.11021342173501,-65.1599972737637
0.12451171875,-58.1373320733251,-45.635910778441975,-50.61968700197799
0.12481689453125,-52.31724285210377,-43.2098584259066,-45.84914970108046
0.1251220703125,-47.2026261290048,-41.89061681723112,-43.28165088982223
0.12542724609375,-44.457301880554915,-41.36470706451681,-41.85840451670292
0.125732421875,-42.9834923815912,-41.52976298964269,-41.2400703758361
0.12603759765625,-42.391329821630606,-42.406531170542124,-41.31193377296086
0.1263427734375,-42.55132073704174,-44.155313590314655,-42.082453399841114
0.12664794921875,-43.48062751965082,-47.234101623323745,-43.689776247663914
0.126953125,-45.35694176771382,-53.250581639018755,-46.5301421557136
0.12725830078125,-48.690576529647714,-76.21912538800456,-51.90773983030407
0.1275634765625,-55.032630453023295,-52.174354929041264,-74.98246608004641
0.12786865234375,-58.50831777372477,-46.79357114251249,-53.21207528295547
0.128173828125,-50.45041386645232,-43.96736280701241,-47.19239767365466
0.12847900390625,-46.2551315086107,-42.372578995660746,-44.14083166319057
0.1287841796875,-43.88161572373381,-41.60564621913977,-42.42634127377235
0.12908935546875,-42.56993114559688,-41.52038517900177,-41.585417750106906
0.12939453125,-42.04617204844964,-42.094281311862844,-41.454251329431166
0.12969970703125,-42.22596367612107,-43.41087539671109,-42.00749474424144
0.1300048828125,-43.14894569932608,-45.72115777784937,-43.33859921704317
0.13031005859375,-45.01321072799065,-49.70398743060856,-45.739098365181945
0.130615234375,-48.39220633289198,-57.52136883179081,-50.08208063907436
0.13092041015625,-55.540696047228266,-56.738363480596526,-61.21155255865416
0.1312255859375,-62.84308705952786,-49.568510621085444,-56.77832246496859
0.13153076171875,-50.44017749632175,-45.97345726792463,-48.76339872219652
0.1318359375,-45.75483002397246,-43.97683002080509,-45.108496777105245
0.13214111328125,-43.12348722165516,-42.966944868492845,-43.06493959472955
0.1324462890625,-41.573821909068734,-42.72728348126957,-41.98762833142798
0.13275146484375,-40.775205579718346,-43.211309199331325,-41.65129894859482
0.133056640625,-40.59867139214505,-44.50592113224087,-41.99523171323226
0.13336181640625,-41.01506796774126,-46.909490943790985,-43.07441220408258
0.1336669921875,-42.0765279288281,-51.333971002956034,-45.10342333788601
0.13397216796875,-43.95023162719166,-62.505536472766366,-48.693744869815646
0.13427734375,-47.064638867806075,-56.45550966386836,-56.35753594685207
0.13458251953125,-52.815082467810974,-49.16841411682036,-62.61187628104403
0.1348876953125,-74.21854172762971,-45.647287150389005,-50.64898531988436
0.13519287109375,-53.63997490170961,-43.650361499334906,-46.20648218543604
0.135498046875,-48.07344083620191,-42.59398859841883,-43.78221285578909
0.13580322265625,-45.313894266465354,-42.271052639644935,-42.449650032270625
0.1361083984375,-43.87757309685182,-42.630561936417024,-41.90301440987827
0.13641357421875,-43.34308914298242,-43.73810477319079,-42.042344152131136
0.13671875,-43.584506925041126,-45.82975280517256,-42.88764088070497
0.13702392578125,-44.63885697588148,-49.586652425416055,-44.59433933937326
0.1373291015625,-46.73984412958254,-57.9861543956485,-47.60343270145292
0.13763427734375,-50.60845739837754,-60.24472741408271,-53.431910595757735
0.137939453125,-59.457134274453274,-50.19072699734043,-84.28829141426232
0.13824462890625,-59.09865357853679,-45.97420711767073,-53.003404921197486
0.1385498046875,-50.297841381978856,-43.58786600707576,-47.46588193942176
0.13885498046875,-46.32376527773998,-42.219332663321964,-44.58876279989583
0.13916015625,-44.06910240344426,-41.582958794571056,-42.975560109010615
0.13946533203125,-42.81244198914629,-41.57207324245534,-42.21015519312623
0.1397705078125,-42.2974860240095,-42.17671316916562,-42.14661083480638
0.14007568359375,-42.438536216877836,-43.47563770190143,-42.77117762465079
0.140380859375,-43.25383124483659,-45.68652911168478,-44.19168788625345
0.14068603515625,-44.87650135964577,-49.35154678610363,-46.7316046675587
0.1409912109375,-47.657850160020764,-55.85906656954636,-51.386018237278954
0.14129638671875,-52.55405625676218,-57.537755145877334,-64.63661079320421
0.1416015625,-60.12455516480443,-50.73440191754375,-56.14315890020702
0.14190673828125,-53.52005907276567,-47.03693653362312,-48.93294938627598
0.1422119140625,-48.36774282968787,-44.99193501133216,-45.498798509067896
0.14251708984375,-45.542500594047084,-43.97051402050791,-43.57081973799786
0.142822265625,-43.96299245523882,-43.745432056973755,-42.57432805769447
0.14312744140625,-43.24515492836354,-44.26964883215571,-42.30675917056654
0.1434326171875,-43.25503260981704,-45.64062170362944,-42.71976700625722
0.14373779296875,-43.99541594888235,-48.1922755505727,-43.88093927654484
0.14404296875,-45.610383751041155,-52.972182649742436,-46.02869871729442
0.14434814453125,-48.525074925721405,-64.67322979687373,-49.850747352664726
0.1446533203125,-54.16093590612334,-55.51297966466889,-58.41809630358247
0.14495849609375,-67.58976288392795,-49.20639541254783,-60.90527322789004
0.145263671875,-53.58291635917644,-45.95075654515234,-50.68067259632895
0.14556884765625,-48.135746839537006,-44.06952091846844,-46.53176127720184
0.1458740234375,-45.242967572430366,-43.068023745764194,-44.24265525447234
0.14617919921875,-43.59988136228344,-42.76101403600912,-42.99806932616335
0.146484375,-42.803349867822,-43.09683125848547,-42.52237823595625
0.14678955078125,-42.712055168254906,-44.11951226217853,-42.729598712344796
0.1470947265625,-43.31641920107814,-45.99425370485935,-43.65141728513865
0.14739990234375,-44.731447380091545,-49.124799135099934,-45.46188214959876
0.147705078125,-47.296890416137856,-54.39973419688589,-48.65275887474024
0.14801025390625,-52.04454797012168,-57.91650920974264,-55.00516250809579
0.1483154296875,-63.39557214664299,-51.93803459538161,-71.47801485140556
0.14862060546875,-54.72719086372089,-47.928441292697116,-52.83415127269656
0.14892578125,-48.37924340716646,-45.622531016129344,-47.71503358001609
0.14923095703125,-45.08331747392272,-44.37849428165763,-45.00063067619472
0.1495361328125,-43.158295635107955,-43.94044525182992,-43.484985835405325
0.14984130859375,-42.10600228236942,-44.2363727915794,-42.79388384493303
