record_id,seed,sigma2_in,sigma2_out,eta_in,eta_out,gain,max_error_full_mHz,max_error_eval_mHz,longest_same_sign_s,qualifies,selected
17,72270932,0.27953191901666735,0.08404593876683054,0.7505218825831538,0.918951189069768,0.16842930648661425,17.515348045266194,17.515348045266194,51.2,False,False
23,72270938,0.18138942331513483,0.03863802175492331,0.833599035337412,0.9618211485979459,0.1282221132605339,16.074201004574242,15.333147248908968,31.5,False,False
26,72270941,0.12749003149325316,0.06851506282408759,0.8768265153523616,0.933422350761885,0.0565958354095234,16.48718081867939,16.48718081867939,23.05,False,False
44,72270959,0.1208469729022801,0.080378145869013,0.8858431468613217,0.9224977234346965,0.036654576573374786,18.418665250808644,18.418665250808644,32.15,False,False
52,72270967,0.26398141107760253,0.09439351993297904,0.7617904525891059,0.9091734975332139,0.14738304494410792,26.15544987842594,17.381977161206514,30.9,False,False
68,72270983,0.11396195814008082,0.027580917573674518,0.8950950844902402,0.9696422668745341,0.07454718238429392,18.17658809718506,18.17658809718506,32.0,False,False
70,72270985,0.3888695374597117,0.04604988061624427,0.6771638281213225,0.9511052883096374,0.2739414601883149,21.358553430889827,17.348190679621734,33.75,False,False
91,72271006,0.126038871454864,0.0740015267765418,0.8773154449184669,0.9281354775532168,0.05082003263474988,23.061526483895367,16.49137642560819,28.55,False,False
102,72271017,0.14356783478963914,0.049462865821068375,0.8651857630101213,0.9509112433938075,0.08572548038368621,15.692300461788406,15.692300461788406,29.35,False,False
109,72271024,0.17052014454425465,0.05219581553486167,0.8422883601840893,0.9461028575164063,0.10381449733231707,16.499956199355612,16.499956199355612,32.7,False,False
114,72271029,0.13387227277896943,0.04876872836485345,0.8722024402629449,0.9514968395664334,0.07929439930348847,14.254710338517802,14.254710338517802,23.95,False,False
122,72271037,0.2989892349930033,0.05997276085209746,0.7378660487067126,0.9400766844124393,0.20221063570572673,17.823823367433295,17.823823367433295,38.35,False,False
153,72271068,0.11565440498298114,0.03744023704304637,0.8884788885865839,0.961051297874248,0.07257240928766417,12.561913137601357,12.561913137601357,17.15,False,False
160,72271075,0.20572259965864492,0.07407862011999151,0.8121384459106106,0.9297813845747849,0.1176429386641743,17.30873015000424,17.30873015000424,22.5,False,False
161,72271076,0.1703820734097248,0.03680001993011119,0.841024663996709,0.9579700719254244,0.11694540792871533,17.429131019009407,17.429131019009407,29.5,False,False
163,72271078,0.33402626820440495,0.06333081030343676,0.7058549926488605,0.938169386585743,0.23231439393688247,18.599878149679302,18.599878149679302,31.4,False,False
164,72271079,0.10182447446327099,0.06644797263211827,0.9007659037985266,0.9352284522872741,0.034462548488747524,13.848521028418533,13.848521028418533,27.9,False,False
165,72271080,0.5989753486246513,0.0415794806872908,0.5247483783900356,0.9555824917957152,0.43083411340567956,20.93248899686817,16.67075122672096,50.0,False,False
171,72271086,0.07232120071073396,0.06675771993308541,0.9243439841483013,0.9311510202434885,0.00680703609518718,15.244824064739177,13.71094908649536,27.6,False,False
172,72271087,0.4349461471321895,0.0608385315321767,0.6376032758422859,0.9388419321961242,0.3012386563538383,18.48248108878111,18.48248108878111,30.1,False,False
174,72271089,0.5369997647370193,0.04527028303267505,0.5635688882717883,0.9523936542910242,0.3888247660192359,19.727881629585998,19.727881629585998,46.35,True,True
184,72271099,0.23864658946999243,0.044548170117476936,0.7895340350978085,0.9563178518416641,0.16678381674385556,14.369629430678515,14.369629430678515,54.55,False,False
187,72271102,0.25445050341303027,0.07345342510162359,0.7689967922516094,0.928594297604969,0.1595975053533596,17.44129722446616,17.44129722446616,28.0,False,False
192,72271107,0.3294711462816947,0.06532876227185448,0.7140461066154915,0.9367144482985927,0.22266834168310123,19.92954153498075,19.92954153498075,29.3,False,False
194,72271109,0.1435070278675606,0.04516386685407154,0.8664091229971136,0.9554789934742294,0.08906987047711579,14.476100856340338,14.476100856340338,24.25,False,False
