band_id,center_hz,window_id,start_s,end_s,guard_lo_s,guard_hi_s,screen_score_db,center_peak_db,annulus_median_db,center_peak_baseband_hz,center_peak_frame_start_s,threshold_db,retained,normalization_scale,raw_background_hash,normalized_background_hash
1,263.5,0,0,300,0,20,11.3235254691294,23.6248451693152,12.3013197001858,-1.7,102,8,0,4.79893804630174,1a324d4a2ed2e73a790feeb6648e249f,e8d92f6757a5c4f11929c32515350ddd
1,263.5,1,300,600,10,10,12.2058561146086,24.1379467799974,11.9320906653889,-1.9,445,8,0,4.78039132705964,a97f6018ebdfa00213d1697c73c6b71c,fe7a12d3c5dbd2a005b201d2caa0d7db
1,263.5,2,600,900,10,10,14.4523967265746,27.0310910204846,12.5786942939101,-1.8,743,8,0,5.6014774621502,97b08ecf472c70bcebb208d1c86fb990,cb18a69bdb2dc99598aaf8582dc81d16
1,263.5,3,900,1200,10,10,15.0376105200227,30.0918880903002,15.0542775702776,-2.4,995,8,0,6.91997546258928,acd861746a1ad0fc5b4e043e2692415a,3edf028c861f0afde713e549edbb9986
1,263.5,4,1200,1500,10,10,13.6381264609559,29.0818914183678,15.4437649574118,1.4,1278,8,0,7.25340653896264,27344ea3d3a03a7904633dfdafa2ec23,b91545077f7d8cfd11305dbbcad9e2cd
1,263.5,5,1500,1800,10,10,11.472826943556,24.2268657703207,12.7540388267647,1.5,1710,8,0,4.80130718187068,37cae706b98c7dcebceca644836541da,02ba20bd77cc77182e8e81610c8cc7cf
1,263.5,6,1800,2100,10,10,12.2982945296149,26.7985615040254,14.5002669744105,-0.6,1849,8,0,6.13803467750823,9482d3bd8b18f188ca34776d086b93e0,59cd8da44656a0c107a879b18b24299d
1,263.5,7,2100,2400,10,10,11.2826919004455,24.0673899355915,12.784698035146,0.6,2362,8,0,4.67699957660118,b05d7aaa0df6a1c027cff143625ca9c3,5ba499855820cdbd0c92bbbeb36852ab
1,263.5,8,2400,2700,10,10,17.7823112035386,29.030769904453,11.2484587009144,0.5,2641,8,0,5.19401718002295,13f554c9902909260fd2d43d361aa101,4812aaa53f9cf4441b428be34aaf5a1c
1,263.5,9,2700,3000,20,0,16.1917056599973,26.8008726279226,10.6091669679253,0.6,2703,8,0,4.8747475863365,a6feafdd38f43a7ad42bf0d59cd1719a,7dd48beef0c1bc912bbe74456edd5bc3
2,315,0,0,300,0,20,13.5608138233134,24.1027589866524,10.5419451633391,0.7,37,8,0,4.28803782662199,ca03efd660ef8b79bcd33828498fbf1f,62db1011b2cea0685ef102a433cfaa6d
2,315,1,300,600,10,10,12.2409767155764,22.6746751536007,10.4336984380243,-0.1,332,8,0,3.96045695297312,da482870ba92420627d5082810193be8,b012743d2cc26df5823ea5a15fbd0587
2,315,2,600,900,10,10,14.4475190742566,25.6805267628577,11.2330076886011,2.5,785,8,0,4.55195475430759,d7f37068a2f8de1be6a26c1915eb7bd2,adacb5bb6e6e0a72f5736ffd13e240c6
2,315,3,900,1200,10,10,14.6187115154968,29.069724923815,14.4510134083182,-2.4,964,8,0,5.76020975169649,2b03275d2b347d8954016e29507516fd,21fa4267504113dcefa50040079b9c5d
2,315,4,1200,1500,10,10,12.4703449099414,27.1650189317031,14.6946740217617,0.9,1267,8,0,5.40358739927981,df85024f85e4633a366239a2bf003e93,c0e33e74257151cd1450f22294104bf3
2,315,5,1500,1800,10,10,11.4547069259997,22.7393765956271,11.2846696696274,1.2,1790,8,0,4.00024678148189,eb9342e87220a20791d410b29e9f87b4,fe60d76b55fc758a21b201f2dd6c9c11
2,315,6,1800,2100,10,10,16.539682573137,28.5339321694958,11.9942495963588,1.9,1916,8,0,5.03331901802227,1f41f7f463d1c16025cbc0fa7977925d,8ffd0ae686f01ed8eb06815332410b32
2,315,7,2100,2400,10,10,15.1471757158661,25.8095121027502,10.6623363868841,2.5,2209,8,0,4.01810189188271,d766834ae562bde615f2e4031f29db44,19c3fbd41c1829a733b48fd53d11a235
2,315,8,2400,2700,10,10,15.2536400110488,23.5557132979735,8.30207328692464,0.1,2640,8,0,3.9563088309387,38ad81659ea3ee193f0d8ce16472e187,ae34d1c5d70b50e2f0f0b569841fd08f
2,315,9,2700,3000,20,0,17.0976718201556,24.7593344090954,7.66166258893979,0,2710,8,0,3.45954975689163,51f98aded5d83f09665f95fbdafe81fa,e8c74b0dbbac44c6dd41b9b126c18abb
