path,bytes,sha256,uploaded
phaseE/E5_inject/background/b1_w0.mat,630289,80da44b6bffd43e7e39ea96bdeb56800850e1f968fdabf37be121293845796e4,False
phaseE/E5_inject/background/b1_w1.mat,630644,8142a62ee1370a4bd5480bf9f8f46575860f31e6a5798eb79eddf3676fbc14f7,False
phaseE/E5_inject/background/b1_w2.mat,630403,7ebd2b2773290df43beb1c2cd0693ff5cc40b38c0425b77032dd9af02c6f24f9,False
phaseE/E5_inject/background/b1_w3.mat,629520,526d414b1aca748d3f96a25cc5a9a350c5665ed1e6edf12f2d1092619856bae0,False
phaseE/E5_inject/background/b1_w4.mat,629670,a539fc73760b02ef090ded4071c8d6d065d48d93c1cfad6557225c0da02c66a8,False
phaseE/E5_inject/background/b1_w5.mat,630347,1f30e93828b589a09505e1f0383d3e89a5cdcb71a3c4c7b50d50b8f941b20d09,False
phaseE/E5_inject/background/b1_w6.mat,629847,4d351606ff18831aabd57a454aba95620ec91bf49d32bb9714f6c9bb9f1f9e76,False
phaseE/E5_inject/background/b1_w7.mat,630376,d9e0e851ac56bb791acffecc258ab491efd58bfb334887cb4562902e1e13f705,False
phaseE/E5_inject/background/b1_w8.mat,630832,171f91bf8fc98168c1f335b8fde089b65a3f9ec2fc47f95e567c26e254ded4df,False
phaseE/E5_inject/background/b1_w9.mat,631264,f090ea325d03d29288d4d6447acbb55e6c4bf48c0ad41e0d6ad496c450e73482,False
phaseE/E5_inject/background/b2_w0.mat,631361,991b97ad25f263b0f7735e4ff4b5f8dbf5c1b67d6e905cfe4c1064ce5a4f7ebe,False
phaseE/E5_inject/background/b2_w1.mat,631841,9d3911649314ef0b69ddeae91cc1ab36ce0f0d6c744f0d628377c2c24e774d1e,False
phaseE/E5_inject/background/b2_w2.mat,631211,32da9d9d4f7298e1f95ba3a184e4ea946df0568a8221ddab3e6ef1c60267a567,False
phaseE/E5_inject/background/b2_w3.mat,630193,e448e228d9542ae808eafed547be2bd4f2beb20f0322d2ef94cfd672818427b5,False
phaseE/E5_inject/background/b2_w4.mat,630319,dbbb297101f2ebf2cefde1d2743bef3a62370c1e86d67223b7adfd233c5e94e9,False
phaseE/E5_inject/background/b2_w5.mat,631308,ca14179db67e08ac4ab43ec80f95e6c9a359db707db296edb1eca2849b62b5f3,False
phaseE/E5_inject/background/b2_w6.mat,630791,275b7f23ac2514e6f48d1f90dfd233f308ae3f8aa9f6b08700b519243c65b776,False
phaseE/E5_inject/background/b2_w7.mat,631582,e5485fa071fef613e66a936867faf30665486e85c711869a7e714f2375128b8a,False
phaseE/E5_inject/background/b2_w8.mat,632764,68d854bddf7ab6fd5bb7073ac68ec3554506863f18bf67d76b9877023cffd421,False
phaseE/E5_inject/background/b2_w9.mat,633267,475567faeb5b354e94b80623c12735cf5fd35a8ff5f85aa462041512c8b2a5a0,False
phaseE/E5_inject/BACKGROUND_SCREEN.csv,3679,93fcece977a754efe389f7ed1de496c0e169f6ceb0ca336ba4e26c5fce46a604,True
phaseE/E5_inject/BACKGROUND_SCREEN_FREEZE.json,548,d9e524dd4ac44ea66990643e4e3a5eacb4529bcb778aaff62b188a79bd89620a,True
phaseE/E5_inject/BACKGROUND_SCREEN_READBACK.csv,1378,ec993c5d27369c270281af7ecf69c053ace6a02204146fe5f68df6c7d18436bf,True
phaseE/E5_inject/README.md,1777,610f15f7a960ddc660006866ad1040ff424c64cef8bf2efe4a125477758712f9,True
phaseE/E5_inject/run_config.json,561,de5e2ca486c1017b8bdeb1c39ffdb4972ef67443fecbf1de51512da9fc18e8ec,True
phaseE/E5_inject/screen_rows/b1_w0.csv,422,97c13371dc03316eeb2f90d1f2e11e59559d2e14c6b46ec761a31837ebda4a8a,True
phaseE/E5_inject/screen_rows/b1_w1.csv,425,c8bd3fe4d4054d2c07acd8072acb4b00fc06daa66a3da42a4f740c271372fd26,True
phaseE/E5_inject/screen_rows/b1_w2.csv,424,0bacd209d6c53f4bb06fba76493adf9319f69bd05a971f5d13e92973a81f16aa,True
phaseE/E5_inject/screen_rows/b1_w3.csv,426,1c1be1363882f9490d4cef2760a507b309ddd4722be35fb3d7ad787a7a644f71,True
phaseE/E5_inject/screen_rows/b1_w4.csv,427,c2557f276f275c5534ffe4c1137289da77f27fba19f7702ee6188d9640254af8,True
phaseE/E5_inject/screen_rows/b1_w5.csv,426,e7888f10982c32ff1c95627b09c7fa9fc4f4580b52ecbdd89fbbda0f61b6e168,True
phaseE/E5_inject/screen_rows/b1_w6.csv,428,204445a90190b4390d3de720939c7dab05dd0d173470cd94e288a286fb940c5a,True
phaseE/E5_inject/screen_rows/b1_w7.csv,426,41b2be5043628479719a949c66e2fba895557f4a9cbf5fb16bd313e35dfd550a,True
phaseE/E5_inject/screen_rows/b1_w8.csv,426,f5d7d89b37080cdf359065eb83d154629cc5940a90770ceac097cb538b4aa803,True
phaseE/E5_inject/screen_rows/b1_w9.csv,425,6d201e597c9d60c51d14891ab89fd40d21a5ed634b87ce662d25a688fcef1593,True
phaseE/E5_inject/screen_rows/b2_w0.csv,418,09fac777005cf19c99b772f63a2b24447eb910992e2786679ca9418d8311e780,True
phaseE/E5_inject/screen_rows/b2_w1.csv,423,b75368af4af2f18223de5de23d9326236ec40c546e14061159f043a2904bea2f,True
phaseE/E5_inject/screen_rows/b2_w2.csv,422,ca99db7c816c6a6cd7fe9e6593edb4be49fa5198e6db3cc450244a34cb6fbff0,True
phaseE/E5_inject/screen_rows/b2_w3.csv,423,ace398a08b2315e595acf637cc036bdc71435df478ef9c0f42bf1e66da1e1f38,True
phaseE/E5_inject/screen_rows/b2_w4.csv,425,0a549ce8e3684d4afbbaf8a6bfc3d69857609335eaed0e942aa196ae8124681e,True
phaseE/E5_inject/screen_rows/b2_w5.csv,425,2bafc4f1c838e3b90e4042f2901c66d1b90aafb4c86115465d816e873656d1ab,True
phaseE/E5_inject/screen_rows/b2_w6.csv,424,0f530ec314808d5bec01728ae4833501865a59616e3d3e25f16faaf4d7d6c945,True
phaseE/E5_inject/screen_rows/b2_w7.csv,425,12cfbd3c3e864aa2d1101b41eb2525964b0c74916e11fd580c0c14e81e63d4a2,True
phaseE/E5_inject/screen_rows/b2_w8.csv,424,e6110beeac77d202ac29c3474fa39696e3df4594afd855db17e5ec746e21a756,True
phaseE/E5_inject/screen_rows/b2_w9.csv,422,9a41d0495a7f3d3c57ac3b26b70577328e71941c2b6f0899938e9ea3646758ed,True
phaseE/scripts/phaseE_screen_background.m,2820,747bdabb89bcb3edb6fe839a5b97682398c75f92e43dca484a7f140f33e0b74e,True
phaseE/scripts/finalize_background_screen.py,5520,e19d06fb2b4d63da101b51895fa867d56e43b1f2474faf12e6d396b687a2db1b,True
