scene,snr_db,record_id,seed,frontend,input_hash_saved,input_hash_replayed,input_hash_match,eta_in_saved,eta_in_replayed,eta_in_abs_diff,eta_out_saved,eta_out_replayed,eta_out_abs_diff,passed
S0,-16,1,74270916,VS,5eb6219b0e16f2366bcbb51055d9f1ec,5eb6219b0e16f2366bcbb51055d9f1ec,1,0.711030657664847,0.711030657664847,2.22044604925031e-16,0.962730097889999,0.96273009789,5.55111512312578e-16,1
S0,-16,1,74270916,MFT,5eb6219b0e16f2366bcbb51055d9f1ec,5eb6219b0e16f2366bcbb51055d9f1ec,1,0.0766730810338029,0.0766730810338029,2.77555756156289e-17,0.106921627241958,0.106921627241952,6.45317133063372e-15,1
S0,-16,1,74270916,SUV,5eb6219b0e16f2366bcbb51055d9f1ec,5eb6219b0e16f2366bcbb51055d9f1ec,1,0.964111598490697,0.964111598490697,2.22044604925031e-16,0.963355957800038,0.963355957800049,1.08801856413265e-14,1
S0,-16,1,74270916,V0,5eb6219b0e16f2366bcbb51055d9f1ec,5eb6219b0e16f2366bcbb51055d9f1ec,1,0.794047603004089,0.794047603004089,3.33066907387547e-16,0.962730064863848,0.962730064863847,7.7715611723761e-16,1
S2,-20,7,74290922,VS,3ce9f43f1af3b52c54eb2c7cd0b18d6c,3ce9f43f1af3b52c54eb2c7cd0b18d6c,1,0.15558813195446,0.15558813195446,4.16333634234434e-16,0.369286731069648,0.369286731069646,2.1094237467878e-15,1
S2,-20,7,74290922,MFT,3ce9f43f1af3b52c54eb2c7cd0b18d6c,3ce9f43f1af3b52c54eb2c7cd0b18d6c,1,0.0154126992858957,0.0154126992858957,3.46944695195361e-18,0.0152475529222362,0.0152475529222371,8.79504802320241e-16,1
S2,-20,7,74290922,SUV,3ce9f43f1af3b52c54eb2c7cd0b18d6c,3ce9f43f1af3b52c54eb2c7cd0b18d6c,1,0.255726248881976,0.255726248881976,3.33066907387547e-16,0.265967891665916,0.265967891665913,3.44169137633799e-15,1
S2,-20,7,74290922,V0,3ce9f43f1af3b52c54eb2c7cd0b18d6c,3ce9f43f1af3b52c54eb2c7cd0b18d6c,1,0.163437750830531,0.163437750830531,1.94289029309402e-16,0.369286731348005,0.369286731348003,1.77635683940025e-15,1
S0,-8,50,74270965,VS,aa3c9c932bddbb933b963608a8342f1f,aa3c9c932bddbb933b963608a8342f1f,1,0.983762763164148,0.983762763164148,2.22044604925031e-16,0.982693711401091,0.982693711401097,5.99520433297585e-15,1
S0,-8,50,74270965,MFT,aa3c9c932bddbb933b963608a8342f1f,aa3c9c932bddbb933b963608a8342f1f,1,0.973524776341474,0.973524776341474,0,0.97208091717763,0.972080917177631,9.99200722162641e-16,1
S0,-8,50,74270965,SUV,aa3c9c932bddbb933b963608a8342f1f,aa3c9c932bddbb933b963608a8342f1f,1,0.981130830336417,0.981130830336417,1.11022302462516e-16,0.982338589786374,0.982338589786374,1.11022302462516e-16,1
S0,-8,50,74270965,V0,aa3c9c932bddbb933b963608a8342f1f,aa3c9c932bddbb933b963608a8342f1f,1,0.961572787788097,0.961572787788097,1.11022302462516e-16,0.982693711091916,0.982693711091911,5.32907051820075e-15,1
