s,target,guide,nu
0,49,64,-0.00213623046875
0,49,79,-0.00335693359375
0,49,94,-0.00274658203125
0,49,112,-0.0048828125
0,49,130,-0.0042724609375
0,64,49,0.0006103515625
0,64,79,0.00244140625
0,64,94,-0.00244140625
0,64,112,-0.0006103515625
0,64,130,0.00030517578125
0,79,49,0.006103515625
0,79,64,0.00732421875
0,79,94,0.00274658203125
0,79,112,-0.0067138671875
0,79,130,-0.00213623046875
0,94,49,0.00579833984375
0,94,64,0.00244140625
0,94,79,0.0042724609375
0,94,112,-0.003662109375
0,94,130,-0.00213623046875
0,112,49,0.00579833984375
0,112,64,0.0030517578125
0,112,79,-0.00274658203125
0,112,94,-0.00030517578125
0,112,130,0.00091552734375
0,130,49,0.006103515625
0,130,64,0.00396728515625
0,130,79,0.006103515625
0,130,94,-0.00152587890625
0,130,112,-0.00152587890625
300,49,64,-0.00213623046875
300,49,79,-0.00579833984375
300,49,94,-0.0018310546875
300,49,112,-0.0030517578125
300,49,130,0.001220703125
300,64,49,0.0030517578125
300,64,79,-0.00457763671875
300,64,94,0.0006103515625
300,64,112,-0.0006103515625
300,64,130,0.00396728515625
300,79,49,0.00457763671875
300,79,64,0.0006103515625
300,79,94,-0.00213623046875
300,79,112,0.0054931640625
300,79,130,-0.00518798828125
300,94,49,-0.001220703125
300,94,64,0.00213623046875
300,94,79,0.0006103515625
300,94,112,-0.0018310546875
300,94,130,0.0030517578125
300,112,49,0.0018310546875
300,112,64,0.00335693359375
300,112,79,0.001220703125
300,112,94,0.0018310546875
300,112,130,-0.00091552734375
300,130,49,-0.00152587890625
300,130,64,-0.0018310546875
300,130,79,-0.0115966796875
300,130,94,-0.00213623046875
300,130,112,0.001220703125
600,49,64,-0.00152587890625
600,49,79,-0.00091552734375
600,49,94,0.00213623046875
600,49,112,-0.001220703125
600,49,130,-0.0018310546875
600,64,49,0.0006103515625
600,64,79,-0.00213623046875
600,64,94,-0.0054931640625
600,64,112,-0.0006103515625
600,64,130,0.0018310546875
600,79,49,0.0042724609375
600,79,64,0.00091552734375
600,79,94,-0.001220703125
600,79,112,0.0030517578125
600,79,130,0.00396728515625
600,94,49,0.001220703125
600,94,64,0.0115966796875
600,94,79,-0.00457763671875
600,94,112,0.00030517578125
600,94,130,0.003662109375
600,112,49,-0.00213623046875
600,112,64,0.0115966796875
600,112,79,-0.00579833984375
600,112,94,-0.00213623046875
600,112,130,-0.00213623046875
600,130,49,0.0030517578125
600,130,64,-0.00030517578125
600,130,79,-0.00274658203125
600,130,94,-0.0042724609375
600,130,112,-0.0006103515625
900,49,64,-0.00244140625
900,49,79,-0.00274658203125
900,49,94,-0.003662109375
900,49,112,-0.00213623046875
900,49,130,-0.00244140625
900,64,49,0.0030517578125
900,64,79,0.0
900,64,94,-0.00152587890625
900,64,112,0.00030517578125
900,64,130,0.0
900,79,49,0.00457763671875
900,79,64,0.0
900,79,94,-0.0018310546875
900,79,112,0.0006103515625
900,79,130,0.0
900,94,49,0.00762939453125
900,94,64,0.00213623046875
900,94,79,0.0018310546875
900,94,112,0.0030517578125
900,94,130,0.0018310546875
900,112,49,0.0042724609375
900,112,64,-0.00091552734375
900,112,79,-0.001220703125
900,112,94,-0.003662109375
900,112,130,-0.0006103515625
900,130,49,0.00244140625
900,130,64,0.0
900,130,79,0.0
900,130,94,0.00244140625
900,130,112,0.00030517578125
1200,49,64,0.00335693359375
1200,49,79,0.00274658203125
1200,49,94,0.003662109375
1200,49,112,0.0
1200,49,130,0.00274658203125
1200,64,49,-0.00396728515625
1200,64,79,0.0
1200,64,94,0.00152587890625
1200,64,112,0.00030517578125
1200,64,130,0.0
1200,79,49,-0.0048828125
1200,79,64,-0.00030517578125
1200,79,94,0.001220703125
1200,79,112,0.0
1200,79,130,0.0
1200,94,49,0.00152587890625
1200,94,64,-0.00213623046875
1200,94,79,-0.001220703125
1200,94,112,-0.00244140625
1200,94,130,-0.0018310546875
1200,112,49,-0.00396728515625
1200,112,64,0.00091552734375
1200,112,79,0.00213623046875
1200,112,94,0.003662109375
1200,112,130,0.00152587890625
1200,130,49,-0.00335693359375
1200,130,64,-0.00030517578125
1200,130,79,0.0
1200,130,94,0.00244140625
1200,130,112,0.0018310546875
1500,49,64,-0.00091552734375
1500,49,79,-0.006103515625
1500,49,94,0.001220703125
1500,49,112,0.00152587890625
1500,49,130,-0.0006103515625
1500,64,49,0.001220703125
1500,64,79,-0.001220703125
1500,64,94,-0.00274658203125
1500,64,112,-0.00335693359375
1500,64,130,0.0
1500,79,49,0.00762939453125
1500,79,64,0.001220703125
1500,79,94,-0.00030517578125
1500,79,112,-0.00518798828125
1500,79,130,0.00213623046875
1500,94,49,0.0
1500,94,64,-0.00396728515625
1500,94,79,-0.0054931640625
1500,94,112,0.00030517578125
1500,94,130,0.00244140625
1500,112,49,-0.00244140625
1500,112,64,-0.0006103515625
1500,112,79,-0.00274658203125
1500,112,94,-0.00030517578125
1500,112,130,0.0
1500,130,49,-0.00274658203125
1500,130,64,-0.0006103515625
1500,130,79,0.00152587890625
1500,130,94,0.00091552734375
1500,130,112,-0.0006103515625
1800,49,64,-0.0042724609375
1800,49,79,0.0048828125
1800,49,94,-0.0006103515625
1800,49,112,0.003662109375
1800,49,130,0.0
1800,64,49,0.00274658203125
1800,64,79,-0.00030517578125
1800,64,94,0.00335693359375
1800,64,112,0.003662109375
1800,64,130,-0.006103515625
1800,79,49,-0.00274658203125
1800,79,64,-0.010986328125
1800,79,94,0.003662109375
1800,79,112,-0.00244140625
1800,79,130,-0.0067138671875
1800,94,49,-0.0018310546875
1800,94,64,-0.0079345703125
1800,94,79,-0.00244140625
1800,94,112,-0.00244140625
1800,94,130,-0.01007080078125
1800,112,49,0.0048828125
1800,112,64,-0.00244140625
1800,112,79,-0.0006103515625
1800,112,94,0.0054931640625
1800,112,130,-0.0048828125
1800,130,49,-0.0048828125
1800,130,64,0.00274658203125
1800,130,79,0.0067138671875
1800,130,94,-0.0048828125
1800,130,112,0.0079345703125
2100,49,64,-0.0030517578125
2100,49,79,0.00396728515625
2100,49,94,0.003662109375
2100,49,112,0.0030517578125
2100,49,130,0.00396728515625
2100,64,49,-0.0042724609375
2100,64,79,-0.00396728515625
2100,64,94,0.00030517578125
2100,64,112,-0.00030517578125
2100,64,130,0.0006103515625
2100,79,49,-0.001220703125
2100,79,64,-0.00640869140625
2100,79,94,-0.001220703125
2100,79,112,-0.00244140625
2100,79,130,-0.001220703125
2100,94,49,-0.00213623046875
2100,94,64,0.0018310546875
2100,94,79,0.0006103515625
2100,94,112,-0.00091552734375
2100,94,130,0.00518798828125
2100,112,49,-0.0067138671875
2100,112,64,-0.0006103515625
2100,112,79,-0.00274658203125
2100,112,94,0.00152587890625
2100,112,130,0.0018310546875
2100,130,49,-0.0103759765625
2100,130,64,0.0018310546875
2100,130,79,-0.00457763671875
2100,130,94,0.0018310546875
2100,130,112,-0.00213623046875
2400,49,64,-0.00091552734375
2400,49,79,-0.0054931640625
2400,49,94,-0.001220703125
2400,49,112,-0.00030517578125
2400,49,130,0.00030517578125
2400,64,49,0.001220703125
2400,64,79,0.00030517578125
2400,64,94,0.00396728515625
2400,64,112,0.00091552734375
2400,64,130,0.00152587890625
2400,79,49,0.0030517578125
2400,79,64,0.00152587890625
2400,79,94,0.00274658203125
2400,79,112,0.0079345703125
2400,79,130,0.00274658203125
2400,94,49,-0.00030517578125
2400,94,64,-0.00701904296875
2400,94,79,-0.0048828125
2400,94,112,-0.00823974609375
2400,94,130,0.00335693359375
2400,112,49,0.00213623046875
2400,112,64,-0.00518798828125
2400,112,79,-0.01129150390625
2400,112,94,-0.003662109375
2400,112,130,0.0006103515625
2400,130,49,-0.0006103515625
2400,130,64,-0.0115966796875
2400,130,79,-0.00213623046875
2400,130,94,-0.00274658203125
2400,130,112,-0.006103515625
2700,49,64,-0.0006103515625
2700,49,79,-0.00152587890625
2700,49,94,-0.003662109375
2700,49,112,0.00030517578125
2700,49,130,0.00274658203125
2700,64,49,0.00091552734375
2700,64,79,-0.00091552734375
2700,64,94,-0.003662109375
2700,64,112,-0.00091552734375
2700,64,130,-0.00152587890625
2700,79,49,0.00335693359375
2700,79,64,0.00640869140625
2700,79,94,-0.00274658203125
2700,79,112,-0.00152587890625
2700,79,130,-0.001220703125
2700,94,49,0.00091552734375
2700,94,64,0.0067138671875
2700,94,79,0.00457763671875
2700,94,112,0.00213623046875
2700,94,130,0.0030517578125
2700,112,49,-0.0042724609375
2700,112,64,0.0
2700,112,79,-0.0030517578125
2700,112,94,-0.00732421875
2700,112,130,0.00274658203125
2700,130,49,0.0006103515625
2700,130,64,-0.00152587890625
2700,130,79,0.0018310546875
2700,130,94,-0.00335693359375
2700,130,112,-0.00396728515625
