tone_hz,start_s,position_hz,window_hz,excess_db
100,600,-0.45,0.01,8.45497713953205
100,600,-0.42,0.01,3.4104211345519264
100,600,-0.39,0.01,7.885436371848073
100,600,-0.36,0.01,5.236007459687416
100,600,-0.33,0.01,4.745553687123534
100,600,-0.3,0.01,5.990024261890849
100,600,-0.27,0.01,2.921949162316359
100,600,-0.24,0.01,7.406218159147018
100,600,-0.21,0.01,4.148910635794856
100,600,-0.18,0.01,4.527629107222058
100,600,-0.15,0.01,6.230753638024776
100,600,0.15,0.01,6.625681715418292
100,600,0.18,0.01,7.14267820560104
100,600,0.21,0.01,7.917405405741604
100,600,0.24,0.01,3.7791365947829405
100,600,0.27,0.01,8.471463365993966
100,600,0.3,0.01,5.691804679981555
100,600,0.33,0.01,4.56786135093752
100,600,0.36,0.01,4.328620194353615
100,600,0.39,0.01,3.498345298896238
100,600,0.42,0.01,4.913692430627249
100,600,0.45,0.01,2.547860911066243
100,900,-0.45,0.01,6.815382960816979
100,900,-0.42,0.01,7.389098111016107
100,900,-0.39,0.01,8.242071694356584
100,900,-0.36,0.01,5.010502645010762
100,900,-0.33,0.01,0.6536404880139095
100,900,-0.3,0.01,4.08056906667807
100,900,-0.27,0.01,5.055096756802509
100,900,-0.24,0.01,6.0807148218100515
100,900,-0.21,0.01,6.443956051490911
100,900,-0.18,0.01,5.246626772174837
100,900,-0.15,0.01,1.1880055601686657
100,900,0.15,0.01,6.369129069143483
100,900,0.18,0.01,4.272220460130079
100,900,0.21,0.01,3.000749114751809
100,900,0.24,0.01,8.391225654747902
100,900,0.27,0.01,8.98811010091897
100,900,0.3,0.01,8.512080384493398
100,900,0.33,0.01,5.58429135252651
100,900,0.36,0.01,9.813085514562161
100,900,0.39,0.01,7.6832628676761825
100,900,0.42,0.01,6.7966736842418705
100,900,0.45,0.01,7.470393133973948
100,1200,-0.45,0.01,4.361092805897062
100,1200,-0.42,0.01,2.390041017182009
100,1200,-0.39,0.01,6.5734645918145045
100,1200,-0.36,0.01,3.908132630928449
100,1200,-0.33,0.01,1.815297923460756
100,1200,-0.3,0.01,7.371124634029574
100,1200,-0.27,0.01,5.869417320414215
100,1200,-0.24,0.01,4.670206402496628
100,1200,-0.21,0.01,5.601127147174399
100,1200,-0.18,0.01,7.461092258789625
100,1200,-0.15,0.01,1.920765937544111
100,1200,0.15,0.01,6.623024881462438
100,1200,0.18,0.01,1.3720766292397286
100,1200,0.21,0.01,8.303780860593157
100,1200,0.24,0.01,5.982230382174222
100,1200,0.27,0.01,4.969407536613408
100,1200,0.3,0.01,5.378667079536042
100,1200,0.33,0.01,4.380108413414709
100,1200,0.36,0.01,5.419701825612979
100,1200,0.39,0.01,4.029903816862586
100,1200,0.42,0.01,6.961291509414657
100,1200,0.45,0.01,1.1083774815529868
100,1500,-0.45,0.01,7.317548629829737
100,1500,-0.42,0.01,3.865658784223406
100,1500,-0.39,0.01,1.5447444149603804
100,1500,-0.36,0.01,3.948577107027724
100,1500,-0.33,0.01,7.387827971821945
100,1500,-0.3,0.01,3.147214115940958
100,1500,-0.27,0.01,4.636811408472916
100,1500,-0.24,0.01,4.836635704136523
100,1500,-0.21,0.01,10.479624179947102
100,1500,-0.18,0.01,4.856970097929917
100,1500,-0.15,0.01,3.008173532934464
100,1500,0.15,0.01,9.161766077257933
100,1500,0.18,0.01,7.5622523701030016
100,1500,0.21,0.01,7.247096562245067
100,1500,0.24,0.01,4.7852284477280875
100,1500,0.27,0.01,2.9912837591493684
100,1500,0.3,0.01,10.776130844649341
100,1500,0.33,0.01,6.0684264871455404
100,1500,0.36,0.01,6.457465352996206
100,1500,0.39,0.01,4.201892429185914
100,1500,0.42,0.01,5.524048927682053
100,1500,0.45,0.01,5.460006895995324
100,1800,-0.45,0.01,1.8239273906269808
100,1800,-0.42,0.01,5.600774152744274
100,1800,-0.39,0.01,10.647711006459813
100,1800,-0.36,0.01,7.417021739194093
100,1800,-0.33,0.01,2.86491053765387
100,1800,-0.3,0.01,4.74927291976498
100,1800,-0.27,0.01,5.973959133568597
100,1800,-0.24,0.01,4.156072660606297
100,1800,-0.21,0.01,4.295261155866143
100,1800,-0.18,0.01,2.6532992158688486
100,1800,-0.15,0.01,7.136192363928812
100,1800,0.15,0.01,10.387851800546107
100,1800,0.18,0.01,10.656051786918175
100,1800,0.21,0.01,10.131401391066158
100,1800,0.24,0.01,2.5158222822095873
100,1800,0.27,0.01,5.106691055508104
100,1800,0.3,0.01,8.219179525634303
100,1800,0.33,0.01,6.954393243063263
100,1800,0.36,0.01,4.771803210725583
100,1800,0.39,0.01,4.922675933178898
100,1800,0.42,0.01,5.415894019975346
100,1800,0.45,0.01,5.4168640094406335
