tone_hz,start_s,rms_median_demeaned_full_mHz,rms_mean_demeaned_eval_mHz,rms_not_demeaned_eval_mHz,max_abs_median_demeaned_full_mHz
49,0,5.939471169639043,5.390443049531792,7.337283350455814,20.287335591355316
49,300,7.834858201399554,7.340918751108802,8.489996253684122,22.881224832399738
49,600,70.36247940590258,71.38411334979817,71.51833392194958,187.11884380823562
49,900,2.9932206832735315,2.7726447199630497,3.374829905528369,8.391883098468611
49,1200,3.2498597013894015,3.226563176215259,3.6870137444199687,10.731003370448633
49,1500,4.208038183445031,3.999504778635474,4.3081144854255475,15.718106370357532
49,1800,69.8887421349715,56.761473545200325,72.80361160887165,161.9397708841248
49,2100,4.011824089005018,3.6959882953895757,5.290882429946668,11.536164906679858
49,2400,10.258940348348998,7.79885255667149,8.046851636585492,44.019686779215306
49,2700,5.429970751901667,4.96373619842161,5.1558392560522375,18.088994522024393
64,0,23.73100736162687,22.63488760845729,23.97750201686162,88.33016893059664
64,300,4.658412945244143,4.0461657100717,4.112914819719326,21.599215507094982
64,600,94.78986497553785,80.98386522761767,100.33069059544523,221.50326245837704
64,900,2.4587143341672735,2.3463841791307503,2.3464463701627,7.285167955259908
64,1200,11.441792490340909,9.756752393253995,10.220029587479084,45.41864346296265
64,1500,22.314267492328437,21.5748820828149,22.456489277537,92.16728874069346
64,1800,30.495623360201105,28.536671042430637,30.023310799525,75.94528097543574
64,2100,19.589543212190645,19.436164570120386,19.8467799403124,70.13924345040579
64,2400,5.006362307414667,4.596914155192124,4.68959833171901,16.180313091599174
64,2700,5.683247653690773,4.763577756004219,5.058515753752425,24.76226350354338
79,0,4.735689410608511,4.804168142013379,4.828223060965125,12.8678715964341
79,300,7.103064864530659,6.658131695344479,8.250802097618307,22.64518905121804
79,600,33.2035217202473,33.655782857150385,33.67619351822864,104.41787694507099
79,900,2.561106946728725,2.343387162384768,2.4632166014450063,8.522619106756224
79,1200,2.3373822796422283,2.22043425029458,2.4583656521633577,7.653287864449965
79,1500,11.579782095685065,11.66074057242874,11.696986119466413,53.23259526184643
79,1800,86.89263273061104,76.82501568871221,100.82741878203424,215.36786168284294
79,2100,8.038437835887839,6.922843128263281,6.9423546669118705,29.49631460099056
79,2400,9.612371301110446,9.60112647083211,10.990953730020696,32.72916794214353
79,2700,18.71961263016463,17.760546408398135,18.32766657002042,78.6009377758532
94,0,6.156754607514112,5.798445167370335,5.79881211793181,21.47839483284031
94,300,7.078126619030114,6.778522778510305,6.9203674214979785,17.899271970250652
94,600,58.61493803175242,54.178822445414355,67.77420847647532,162.41050920130107
94,900,7.999371918931981,8.005977813591427,8.328480971255066,37.700081650761774
94,1200,6.225501521919232,5.959002838288574,6.348928642743306,21.899360725797123
94,1500,7.367571003699339,7.344605379426772,7.735602469712682,30.589888977281987
94,1800,134.48373316203956,116.13265487066059,131.49774811781356,359.94180225500827
94,2100,3.485497834049868,3.213463298847467,3.306585926052734,9.530777494610732
94,2400,34.49697274674022,32.26257970596569,34.79084591127324,91.45401489436011
94,2700,20.25542756144541,18.516910531586696,18.666473778559276,78.89540862225175
112,0,7.513693410163547,7.570895377899217,8.70052922529297,16.62294619119109
112,300,7.0890836536414215,6.222541351256476,6.222757426528086,24.083153814238756
112,600,43.85896230324408,41.04733935864118,47.6085115367711,161.18214377902973
112,900,4.984332647131457,4.915243555853733,4.9628483188918615,14.357649787491766
112,1200,10.736175782917886,10.57601852570308,11.398210619382738,44.7604378472235
112,1500,6.478947634947838,6.212235202537955,6.415716365192859,20.103697141756527
112,1800,98.32836700232677,88.64735343434675,112.407164862499,256.941355894476
112,2100,7.310775076951152,6.5094592407742775,6.5110361556725636,28.078147720755453
112,2400,10.321120872746793,10.267635084483295,10.425512250718253,27.83991770080263
112,2700,127.29913442272583,110.65034331825257,121.29176841582404,371.778860796141
130,0,13.201782313174407,11.393084267816013,12.717696929866527,56.00853670283357
130,300,15.451866504433369,14.380392557967557,14.543053222174336,49.9831281560148
130,600,68.3283137267705,61.938476007769864,73.08967213177267,272.3551080260336
130,900,7.337130541236072,5.573100838867037,5.57368247672635,42.17537746407629
130,1200,6.923743736881319,6.994542744509556,7.001197903446039,26.56576843247649
130,1500,7.706908540252016,7.187625452719425,7.883990173366162,32.543601020989854
130,1800,52.829645419380704,47.7116842723781,59.812493474441574,138.8874767236814
130,2100,6.8549169250429935,6.885874888067404,7.409104681932307,22.607044169589585
130,2400,8.79790706270182,8.167626211470678,8.211872184501544,32.288684892535
130,2700,8.590529489660522,8.012007332737554,8.171153891766343,24.451117848641957
