frontend,scene,snr_db,n,usable_n,eta_in,eta_out,gain_eta,lo,hi,gain_peak_db,positive_fraction,trigger_fraction
MFT,S0,-20,100,0,0.02237208853935986,0.025990699405344306,0.003618610865984433,0.0017195807529954824,0.0056720017325212115,4.43072785402297,0.62,0.69
MFT,S0,-18,100,0,0.041709216096170953,0.06005096412795059,0.018341748031779615,0.013635333923458018,0.023784038487042938,4.347632772015286,0.79,0.6
MFT,S0,-16,100,0,0.08614295201779758,0.16104251443873313,0.07489956242093557,0.06633502893588543,0.08353430225401741,4.711806024602632,0.96,0.56
MFT,S0,-14,100,0,0.18088815570382288,0.4078454560358096,0.2269573003319867,0.21172779975190087,0.24252141196258217,4.372636143269328,0.99,0.38
MFT,S0,-12,100,68,0.4543435855850702,0.7427008122818005,0.2883572266967304,0.2644321959560747,0.3121463764378598,2.588971376122075,1.0,0.15
MFT,S0,-10,100,100,0.8483689497711636,0.9381537273917308,0.08978477762056722,0.06743382972676527,0.11310257817310845,0.5187833014660758,0.97,0.0
MFT,S0,-8,100,100,0.9682447378642693,0.9762980663224693,0.008053328458199678,0.006085081394896224,0.010969115628311658,0.0464975573886008,0.92,0.0
MFT,S2,-20,100,0,0.02170888717584965,0.02450033266576606,0.002791445489916409,0.0013705543883119203,0.0043408070873180256,3.7160653721079715,0.64,0.67
MFT,S2,-18,100,0,0.03870735045950479,0.04724098637590836,0.00853363591640357,0.005732799273543427,0.011355122235538561,3.6112829258764867,0.71,0.62
MFT,S2,-16,100,0,0.07236220163337624,0.13680665603136918,0.06444445439799289,0.056604460721450686,0.07176451313817116,3.963978225482245,0.98,0.59
MFT,S2,-14,100,0,0.1617157923403508,0.33616857715666987,0.1744527848163192,0.16279604850026508,0.18625952256137035,3.9639711640350157,1.0,0.4
MFT,S2,-12,100,10,0.34512989169101393,0.62364893822449,0.27851904653347614,0.26172618423168326,0.29547653094281345,3.1423857033258322,1.0,0.12
MFT,S2,-10,100,96,0.661192602711522,0.8058149977167419,0.1446223950052197,0.1244351044107161,0.16559591830241874,1.3564248928052498,0.98,0.01
MFT,S2,-8,100,100,0.7436986457097438,0.8445482554012141,0.10084960969147065,0.08507897691536516,0.11716664067781025,0.7941924831018848,0.96,0.0
SUV,S0,-20,100,82,0.522461803331394,0.534124137407657,0.011662334076263079,0.008243383469181648,0.015266770415133264,0.21679316232018775,0.71,0.0
SUV,S0,-18,100,97,0.7473400687844974,0.7554773583151182,0.008137289530620713,0.004691967895321363,0.011622025736606664,0.12915624450542634,0.69,0.0
SUV,S0,-16,100,99,0.8894245365827199,0.8955732551075571,0.006148718524837437,0.003410094963302643,0.008987045367785005,0.07228958983037607,0.65,0.0
SUV,S0,-14,100,100,0.9439972016694058,0.9473949396606707,0.003397737991264913,0.001148723758218107,0.005960443523199787,0.051192706803118354,0.53,0.0
SUV,S0,-12,100,100,0.9648194869564252,0.9678139677761242,0.002994480819698818,0.0017379423728057797,0.004185000144973929,0.035669547400033336,0.64,0.0
SUV,S0,-10,100,100,0.9771340301790171,0.9795452224761958,0.0024111922971787173,0.0014741213074837543,0.003472953043775241,0.029215806182882175,0.7,0.0
SUV,S0,-8,100,100,0.9845858074867251,0.9870623260459016,0.0024765185591766243,0.0017621822127589482,0.003173215872272379,0.024516793903790836,0.79,0.0
SUV,S2,-20,100,27,0.37673067194125415,0.3866573265571194,0.009926654615865236,0.005059588425833277,0.014703052325131912,0.5020090992055496,0.64,0.04
SUV,S2,-18,100,65,0.5696001763121583,0.5807639873895964,0.01116381107743811,0.006994562934725717,0.01532879055788598,0.46976855245140875,0.65,0.01
SUV,S2,-16,100,85,0.6928309503107265,0.701625155915041,0.008794205604314572,0.005050655834383499,0.012499934377510447,0.46917542638494425,0.7,0.0
SUV,S2,-14,100,95,0.7617487263756567,0.7691801703479956,0.007431443972338797,0.0040723348762972044,0.010955209903395605,0.4674153630627426,0.66,0.0
SUV,S2,-12,100,98,0.7891434763014955,0.7993364047777238,0.010192928476228533,0.007605432592861093,0.012864055105004019,0.4318475595090956,0.78,0.0
SUV,S2,-10,100,100,0.8068741807698327,0.8187075667075634,0.011833385937730548,0.009907878487959779,0.013821057195005811,0.3831331426523484,0.89,0.0
SUV,S2,-8,100,100,0.8181245197447613,0.8324726068964239,0.014348087151662399,0.012797052519099607,0.015988230983763962,0.34534042052209446,0.96,0.0
V0,S0,-20,100,17,0.08325446260351335,0.14139021734987856,0.05813575474636523,0.0339233570791566,0.086603542086291,0.8374097619222173,0.71,0.54
V0,S0,-18,100,90,0.42939659020219517,0.7308945296954273,0.30149793949323206,0.27046418896921254,0.33360055180924203,2.442271531226248,0.96,0.18
V0,S0,-16,100,100,0.6834508892719203,0.9167454693739734,0.23329458010205328,0.20204769805719927,0.2664241507973059,1.4861450661490863,1.0,0.04
V0,S0,-14,100,100,0.8866474971344209,0.9574693868925991,0.070821889758178,0.05428601759802991,0.0892163321169543,0.4146324455948232,0.97,0.0
V0,S0,-12,100,100,0.9392080314939701,0.9714189356998912,0.032210904205921105,0.025727850165569912,0.039194302633522846,0.19776433382555633,0.95,0.0
V0,S0,-10,100,100,0.9558938984762291,0.9800667269392948,0.02417282846306585,0.020594245726883162,0.02822609011470844,0.1383723784757468,0.95,0.0
V0,S0,-8,100,100,0.9650731127404868,0.9860769158087699,0.02100380306828285,0.01857256456201552,0.0239958679542857,0.10859735497089361,0.99,0.0
V0,S2,-20,100,60,0.1958412072895081,0.3525372686914525,0.1566960614019445,0.13604111456791074,0.17737820202585192,3.960996792320212,0.98,0.42
V0,S2,-18,100,90,0.3359167826177668,0.5648501229029737,0.22893334028520695,0.2089399442647544,0.24920922750188423,4.573817362105972,0.99,0.35
V0,S2,-16,100,99,0.47802150164274176,0.6754093166908187,0.19738781504807687,0.1728664868560371,0.22033428770046667,3.617524028445624,0.96,0.23
V0,S2,-14,100,100,0.6030204781436942,0.7376105701658721,0.13459009202217784,0.12009684045737869,0.1508904737062257,2.2500403660318558,0.98,0.14
V0,S2,-12,100,100,0.6738709062688747,0.7676343757408464,0.09376346947197145,0.0854887629498994,0.10184760724064924,1.5043648926574924,0.97,0.07
V0,S2,-10,100,100,0.7078757919413969,0.7936552266705386,0.08577943472914146,0.08068762477809455,0.09095082587665591,1.1452165963945482,0.98,0.01
V0,S2,-8,100,100,0.7271712096137033,0.8080078151049922,0.08083660549128874,0.07703105924688579,0.08483935815041911,0.9537003906252886,1.0,0.02
VS,S0,-20,100,17,0.07986609774731437,0.14068456179253577,0.06081846404522142,0.03560810557138449,0.09051400130283253,0.8026737931722308,0.72,0.62
VS,S0,-18,100,90,0.4182792950486844,0.7279323886281324,0.309653093579448,0.2760534280311283,0.3433240620446487,2.4944474293688934,0.97,0.17
VS,S0,-16,100,100,0.6731265776053326,0.9171364094650011,0.24400983185966843,0.2138541640314411,0.2770532207263628,1.5051800985951596,0.99,0.04
VS,S0,-14,100,100,0.8717628678640226,0.9574693714165788,0.08570650355255634,0.06543109132691025,0.10955413848704518,0.4837201382191248,0.97,0.0
VS,S0,-12,100,100,0.9452150323609029,0.9714189544468246,0.026203922085921816,0.019789124304733282,0.03432229505897518,0.15085657909160996,0.92,0.0
VS,S0,-10,100,100,0.9705497874784647,0.9800666616623199,0.009516874183855516,0.007510684385250007,0.01216112591363795,0.06503591030744543,0.85,0.0
VS,S0,-8,100,100,0.9814322854385895,0.9860769137102597,0.004644628271670403,0.003656055020041967,0.005736437565990131,0.03347229017816375,0.86,0.0
VS,S2,-20,100,55,0.19934181868574072,0.351197828629589,0.15185600994384826,0.130127033707068,0.17410279645332946,3.208391973092367,0.96,0.42
VS,S2,-18,100,90,0.3343320170710933,0.5627125795861496,0.22838056251505645,0.2088040181741333,0.24778534659471235,3.596036789698872,1.0,0.34
VS,S2,-16,100,99,0.4816064656442556,0.6750482166789203,0.19344175103466468,0.16628319954638518,0.21937554664486494,3.0386256936592417,0.95,0.21
VS,S2,-14,100,100,0.6303269498560258,0.7395690120771696,0.10924206222114402,0.09399312752503572,0.1267099580587473,1.639813165177338,0.95,0.13
VS,S2,-12,100,100,0.7183352030873814,0.7688814461662671,0.050546243078885604,0.04261461822506654,0.059587113131077826,0.9138755248328501,0.94,0.06
VS,S2,-10,100,100,0.754268585205193,0.7936552273997755,0.039386642194582606,0.03513648499631337,0.0438466274099258,0.628032712062527,0.98,0.01
VS,S2,-8,100,100,0.7634047035516055,0.809409580865832,0.046004877314226686,0.042095980198557835,0.05038826684472511,0.5742967664449148,1.0,0.0
