tag,scene,snr_db,record_id,duration_s
B_S0_snr-20_id1_T300,S0,-20,1,300
B_S0_snr-20_id2_T300,S0,-20,2,300
B_S0_snr-20_id3_T300,S0,-20,3,300
B_S0_snr-20_id4_T300,S0,-20,4,300
B_S0_snr-20_id5_T300,S0,-20,5,300
B_S0_snr-20_id6_T300,S0,-20,6,300
B_S0_snr-20_id7_T300,S0,-20,7,300
B_S0_snr-20_id8_T300,S0,-20,8,300
B_S0_snr-20_id9_T300,S0,-20,9,300
B_S0_snr-20_id10_T300,S0,-20,10,300
B_S0_snr-20_id11_T300,S0,-20,11,300
B_S0_snr-20_id12_T300,S0,-20,12,300
B_S0_snr-20_id13_T300,S0,-20,13,300
B_S0_snr-20_id14_T300,S0,-20,14,300
B_S0_snr-20_id15_T300,S0,-20,15,300
B_S0_snr-20_id16_T300,S0,-20,16,300
B_S0_snr-20_id17_T300,S0,-20,17,300
B_S0_snr-20_id18_T300,S0,-20,18,300
B_S0_snr-20_id19_T300,S0,-20,19,300
B_S0_snr-20_id20_T300,S0,-20,20,300
B_S0_snr-20_id21_T300,S0,-20,21,300
B_S0_snr-20_id22_T300,S0,-20,22,300
B_S0_snr-20_id23_T300,S0,-20,23,300
B_S0_snr-20_id24_T300,S0,-20,24,300
B_S0_snr-20_id25_T300,S0,-20,25,300
B_S0_snr-20_id26_T300,S0,-20,26,300
B_S0_snr-20_id27_T300,S0,-20,27,300
B_S0_snr-20_id28_T300,S0,-20,28,300
B_S0_snr-20_id29_T300,S0,-20,29,300
B_S0_snr-20_id30_T300,S0,-20,30,300
B_S0_snr-20_id31_T300,S0,-20,31,300
B_S0_snr-20_id32_T300,S0,-20,32,300
B_S0_snr-20_id33_T300,S0,-20,33,300
B_S0_snr-20_id34_T300,S0,-20,34,300
B_S0_snr-20_id35_T300,S0,-20,35,300
B_S0_snr-20_id36_T300,S0,-20,36,300
B_S0_snr-20_id37_T300,S0,-20,37,300
B_S0_snr-20_id38_T300,S0,-20,38,300
B_S0_snr-20_id39_T300,S0,-20,39,300
B_S0_snr-20_id40_T300,S0,-20,40,300
B_S0_snr-20_id41_T300,S0,-20,41,300
B_S0_snr-20_id42_T300,S0,-20,42,300
B_S0_snr-20_id43_T300,S0,-20,43,300
B_S0_snr-20_id44_T300,S0,-20,44,300
B_S0_snr-20_id45_T300,S0,-20,45,300
B_S0_snr-20_id46_T300,S0,-20,46,300
B_S0_snr-20_id47_T300,S0,-20,47,300
B_S0_snr-20_id48_T300,S0,-20,48,300
B_S0_snr-20_id49_T300,S0,-20,49,300
B_S0_snr-20_id50_T300,S0,-20,50,300
B_S0_snr-20_id51_T300,S0,-20,51,300
B_S0_snr-20_id52_T300,S0,-20,52,300
B_S0_snr-20_id53_T300,S0,-20,53,300
B_S0_snr-20_id54_T300,S0,-20,54,300
B_S0_snr-20_id55_T300,S0,-20,55,300
B_S0_snr-20_id56_T300,S0,-20,56,300
B_S0_snr-20_id57_T300,S0,-20,57,300
B_S0_snr-20_id58_T300,S0,-20,58,300
B_S0_snr-20_id59_T300,S0,-20,59,300
B_S0_snr-20_id60_T300,S0,-20,60,300
B_S0_snr-20_id61_T300,S0,-20,61,300
B_S0_snr-20_id62_T300,S0,-20,62,300
B_S0_snr-20_id63_T300,S0,-20,63,300
B_S0_snr-20_id64_T300,S0,-20,64,300
B_S0_snr-20_id65_T300,S0,-20,65,300
B_S0_snr-20_id66_T300,S0,-20,66,300
B_S0_snr-20_id67_T300,S0,-20,67,300
B_S0_snr-20_id68_T300,S0,-20,68,300
B_S0_snr-20_id69_T300,S0,-20,69,300
B_S0_snr-20_id70_T300,S0,-20,70,300
B_S0_snr-20_id71_T300,S0,-20,71,300
B_S0_snr-20_id72_T300,S0,-20,72,300
B_S0_snr-20_id73_T300,S0,-20,73,300
B_S0_snr-20_id74_T300,S0,-20,74,300
B_S0_snr-20_id75_T300,S0,-20,75,300
B_S0_snr-20_id76_T300,S0,-20,76,300
B_S0_snr-20_id77_T300,S0,-20,77,300
B_S0_snr-20_id78_T300,S0,-20,78,300
B_S0_snr-20_id79_T300,S0,-20,79,300
B_S0_snr-20_id80_T300,S0,-20,80,300
B_S0_snr-20_id81_T300,S0,-20,81,300
B_S0_snr-20_id82_T300,S0,-20,82,300
B_S0_snr-20_id83_T300,S0,-20,83,300
B_S0_snr-20_id84_T300,S0,-20,84,300
B_S0_snr-20_id85_T300,S0,-20,85,300
B_S0_snr-20_id86_T300,S0,-20,86,300
B_S0_snr-20_id87_T300,S0,-20,87,300
B_S0_snr-20_id88_T300,S0,-20,88,300
B_S0_snr-20_id89_T300,S0,-20,89,300
B_S0_snr-20_id90_T300,S0,-20,90,300
B_S0_snr-20_id91_T300,S0,-20,91,300
B_S0_snr-20_id92_T300,S0,-20,92,300
B_S0_snr-20_id93_T300,S0,-20,93,300
B_S0_snr-20_id94_T300,S0,-20,94,300
B_S0_snr-20_id95_T300,S0,-20,95,300
B_S0_snr-20_id96_T300,S0,-20,96,300
B_S0_snr-20_id97_T300,S0,-20,97,300
B_S0_snr-20_id98_T300,S0,-20,98,300
B_S0_snr-20_id99_T300,S0,-20,99,300
B_S0_snr-20_id100_T300,S0,-20,100,300
B_S0_snr-18_id1_T300,S0,-18,1,300
B_S0_snr-18_id2_T300,S0,-18,2,300
B_S0_snr-18_id3_T300,S0,-18,3,300
B_S0_snr-18_id4_T300,S0,-18,4,300
B_S0_snr-18_id5_T300,S0,-18,5,300
B_S0_snr-18_id6_T300,S0,-18,6,300
B_S0_snr-18_id7_T300,S0,-18,7,300
B_S0_snr-18_id8_T300,S0,-18,8,300
B_S0_snr-18_id9_T300,S0,-18,9,300
B_S0_snr-18_id10_T300,S0,-18,10,300
B_S0_snr-18_id11_T300,S0,-18,11,300
B_S0_snr-18_id12_T300,S0,-18,12,300
B_S0_snr-18_id13_T300,S0,-18,13,300
B_S0_snr-18_id14_T300,S0,-18,14,300
B_S0_snr-18_id15_T300,S0,-18,15,300
B_S0_snr-18_id16_T300,S0,-18,16,300
B_S0_snr-18_id17_T300,S0,-18,17,300
B_S0_snr-18_id18_T300,S0,-18,18,300
B_S0_snr-18_id19_T300,S0,-18,19,300
B_S0_snr-18_id20_T300,S0,-18,20,300
B_S0_snr-18_id21_T300,S0,-18,21,300
B_S0_snr-18_id22_T300,S0,-18,22,300
B_S0_snr-18_id23_T300,S0,-18,23,300
B_S0_snr-18_id24_T300,S0,-18,24,300
B_S0_snr-18_id25_T300,S0,-18,25,300
B_S0_snr-18_id26_T300,S0,-18,26,300
B_S0_snr-18_id27_T300,S0,-18,27,300
B_S0_snr-18_id28_T300,S0,-18,28,300
B_S0_snr-18_id29_T300,S0,-18,29,300
B_S0_snr-18_id30_T300,S0,-18,30,300
B_S0_snr-18_id31_T300,S0,-18,31,300
B_S0_snr-18_id32_T300,S0,-18,32,300
B_S0_snr-18_id33_T300,S0,-18,33,300
B_S0_snr-18_id34_T300,S0,-18,34,300
B_S0_snr-18_id35_T300,S0,-18,35,300
B_S0_snr-18_id36_T300,S0,-18,36,300
B_S0_snr-18_id37_T300,S0,-18,37,300
B_S0_snr-18_id38_T300,S0,-18,38,300
B_S0_snr-18_id39_T300,S0,-18,39,300
B_S0_snr-18_id40_T300,S0,-18,40,300
B_S0_snr-18_id41_T300,S0,-18,41,300
B_S0_snr-18_id42_T300,S0,-18,42,300
B_S0_snr-18_id43_T300,S0,-18,43,300
B_S0_snr-18_id44_T300,S0,-18,44,300
B_S0_snr-18_id45_T300,S0,-18,45,300
B_S0_snr-18_id46_T300,S0,-18,46,300
B_S0_snr-18_id47_T300,S0,-18,47,300
B_S0_snr-18_id48_T300,S0,-18,48,300
B_S0_snr-18_id49_T300,S0,-18,49,300
B_S0_snr-18_id50_T300,S0,-18,50,300
B_S0_snr-18_id51_T300,S0,-18,51,300
B_S0_snr-18_id52_T300,S0,-18,52,300
B_S0_snr-18_id53_T300,S0,-18,53,300
B_S0_snr-18_id54_T300,S0,-18,54,300
B_S0_snr-18_id55_T300,S0,-18,55,300
B_S0_snr-18_id56_T300,S0,-18,56,300
B_S0_snr-18_id57_T300,S0,-18,57,300
B_S0_snr-18_id58_T300,S0,-18,58,300
B_S0_snr-18_id59_T300,S0,-18,59,300
B_S0_snr-18_id60_T300,S0,-18,60,300
B_S0_snr-18_id61_T300,S0,-18,61,300
B_S0_snr-18_id62_T300,S0,-18,62,300
B_S0_snr-18_id63_T300,S0,-18,63,300
B_S0_snr-18_id64_T300,S0,-18,64,300
B_S0_snr-18_id65_T300,S0,-18,65,300
B_S0_snr-18_id66_T300,S0,-18,66,300
B_S0_snr-18_id67_T300,S0,-18,67,300
B_S0_snr-18_id68_T300,S0,-18,68,300
B_S0_snr-18_id69_T300,S0,-18,69,300
B_S0_snr-18_id70_T300,S0,-18,70,300
B_S0_snr-18_id71_T300,S0,-18,71,300
B_S0_snr-18_id72_T300,S0,-18,72,300
B_S0_snr-18_id73_T300,S0,-18,73,300
B_S0_snr-18_id74_T300,S0,-18,74,300
B_S0_snr-18_id75_T300,S0,-18,75,300
B_S0_snr-18_id76_T300,S0,-18,76,300
B_S0_snr-18_id77_T300,S0,-18,77,300
B_S0_snr-18_id78_T300,S0,-18,78,300
B_S0_snr-18_id79_T300,S0,-18,79,300
B_S0_snr-18_id80_T300,S0,-18,80,300
B_S0_snr-18_id81_T300,S0,-18,81,300
B_S0_snr-18_id82_T300,S0,-18,82,300
B_S0_snr-18_id83_T300,S0,-18,83,300
B_S0_snr-18_id84_T300,S0,-18,84,300
B_S0_snr-18_id85_T300,S0,-18,85,300
B_S0_snr-18_id86_T300,S0,-18,86,300
B_S0_snr-18_id87_T300,S0,-18,87,300
B_S0_snr-18_id88_T300,S0,-18,88,300
B_S0_snr-18_id89_T300,S0,-18,89,300
B_S0_snr-18_id90_T300,S0,-18,90,300
B_S0_snr-18_id91_T300,S0,-18,91,300
B_S0_snr-18_id92_T300,S0,-18,92,300
B_S0_snr-18_id93_T300,S0,-18,93,300
B_S0_snr-18_id94_T300,S0,-18,94,300
B_S0_snr-18_id95_T300,S0,-18,95,300
B_S0_snr-18_id96_T300,S0,-18,96,300
B_S0_snr-18_id97_T300,S0,-18,97,300
B_S0_snr-18_id98_T300,S0,-18,98,300
B_S0_snr-18_id99_T300,S0,-18,99,300
B_S0_snr-18_id100_T300,S0,-18,100,300
B_S0_snr-16_id1_T300,S0,-16,1,300
B_S0_snr-16_id2_T300,S0,-16,2,300
B_S0_snr-16_id3_T300,S0,-16,3,300
B_S0_snr-16_id4_T300,S0,-16,4,300
B_S0_snr-16_id5_T300,S0,-16,5,300
B_S0_snr-16_id6_T300,S0,-16,6,300
B_S0_snr-16_id7_T300,S0,-16,7,300
B_S0_snr-16_id8_T300,S0,-16,8,300
B_S0_snr-16_id9_T300,S0,-16,9,300
B_S0_snr-16_id10_T300,S0,-16,10,300
B_S0_snr-16_id11_T300,S0,-16,11,300
B_S0_snr-16_id12_T300,S0,-16,12,300
B_S0_snr-16_id13_T300,S0,-16,13,300
B_S0_snr-16_id14_T300,S0,-16,14,300
B_S0_snr-16_id15_T300,S0,-16,15,300
B_S0_snr-16_id16_T300,S0,-16,16,300
B_S0_snr-16_id17_T300,S0,-16,17,300
B_S0_snr-16_id18_T300,S0,-16,18,300
B_S0_snr-16_id19_T300,S0,-16,19,300
B_S0_snr-16_id20_T300,S0,-16,20,300
B_S0_snr-16_id21_T300,S0,-16,21,300
B_S0_snr-16_id22_T300,S0,-16,22,300
B_S0_snr-16_id23_T300,S0,-16,23,300
B_S0_snr-16_id24_T300,S0,-16,24,300
B_S0_snr-16_id25_T300,S0,-16,25,300
B_S0_snr-16_id26_T300,S0,-16,26,300
B_S0_snr-16_id27_T300,S0,-16,27,300
B_S0_snr-16_id28_T300,S0,-16,28,300
B_S0_snr-16_id29_T300,S0,-16,29,300
B_S0_snr-16_id30_T300,S0,-16,30,300
B_S0_snr-16_id31_T300,S0,-16,31,300
B_S0_snr-16_id32_T300,S0,-16,32,300
B_S0_snr-16_id33_T300,S0,-16,33,300
B_S0_snr-16_id34_T300,S0,-16,34,300
B_S0_snr-16_id35_T300,S0,-16,35,300
B_S0_snr-16_id36_T300,S0,-16,36,300
B_S0_snr-16_id37_T300,S0,-16,37,300
B_S0_snr-16_id38_T300,S0,-16,38,300
B_S0_snr-16_id39_T300,S0,-16,39,300
B_S0_snr-16_id40_T300,S0,-16,40,300
B_S0_snr-16_id41_T300,S0,-16,41,300
B_S0_snr-16_id42_T300,S0,-16,42,300
B_S0_snr-16_id43_T300,S0,-16,43,300
B_S0_snr-16_id44_T300,S0,-16,44,300
B_S0_snr-16_id45_T300,S0,-16,45,300
B_S0_snr-16_id46_T300,S0,-16,46,300
B_S0_snr-16_id47_T300,S0,-16,47,300
B_S0_snr-16_id48_T300,S0,-16,48,300
B_S0_snr-16_id49_T300,S0,-16,49,300
B_S0_snr-16_id50_T300,S0,-16,50,300
B_S0_snr-16_id51_T300,S0,-16,51,300
B_S0_snr-16_id52_T300,S0,-16,52,300
B_S0_snr-16_id53_T300,S0,-16,53,300
B_S0_snr-16_id54_T300,S0,-16,54,300
B_S0_snr-16_id55_T300,S0,-16,55,300
B_S0_snr-16_id56_T300,S0,-16,56,300
B_S0_snr-16_id57_T300,S0,-16,57,300
B_S0_snr-16_id58_T300,S0,-16,58,300
B_S0_snr-16_id59_T300,S0,-16,59,300
B_S0_snr-16_id60_T300,S0,-16,60,300
B_S0_snr-16_id61_T300,S0,-16,61,300
B_S0_snr-16_id62_T300,S0,-16,62,300
B_S0_snr-16_id63_T300,S0,-16,63,300
B_S0_snr-16_id64_T300,S0,-16,64,300
B_S0_snr-16_id65_T300,S0,-16,65,300
B_S0_snr-16_id66_T300,S0,-16,66,300
B_S0_snr-16_id67_T300,S0,-16,67,300
B_S0_snr-16_id68_T300,S0,-16,68,300
B_S0_snr-16_id69_T300,S0,-16,69,300
B_S0_snr-16_id70_T300,S0,-16,70,300
B_S0_snr-16_id71_T300,S0,-16,71,300
B_S0_snr-16_id72_T300,S0,-16,72,300
B_S0_snr-16_id73_T300,S0,-16,73,300
B_S0_snr-16_id74_T300,S0,-16,74,300
B_S0_snr-16_id75_T300,S0,-16,75,300
B_S0_snr-16_id76_T300,S0,-16,76,300
B_S0_snr-16_id77_T300,S0,-16,77,300
B_S0_snr-16_id78_T300,S0,-16,78,300
B_S0_snr-16_id79_T300,S0,-16,79,300
B_S0_snr-16_id80_T300,S0,-16,80,300
B_S0_snr-16_id81_T300,S0,-16,81,300
B_S0_snr-16_id82_T300,S0,-16,82,300
B_S0_snr-16_id83_T300,S0,-16,83,300
B_S0_snr-16_id84_T300,S0,-16,84,300
B_S0_snr-16_id85_T300,S0,-16,85,300
B_S0_snr-16_id86_T300,S0,-16,86,300
B_S0_snr-16_id87_T300,S0,-16,87,300
B_S0_snr-16_id88_T300,S0,-16,88,300
B_S0_snr-16_id89_T300,S0,-16,89,300
B_S0_snr-16_id90_T300,S0,-16,90,300
B_S0_snr-16_id91_T300,S0,-16,91,300
B_S0_snr-16_id92_T300,S0,-16,92,300
B_S0_snr-16_id93_T300,S0,-16,93,300
B_S0_snr-16_id94_T300,S0,-16,94,300
B_S0_snr-16_id95_T300,S0,-16,95,300
B_S0_snr-16_id96_T300,S0,-16,96,300
B_S0_snr-16_id97_T300,S0,-16,97,300
B_S0_snr-16_id98_T300,S0,-16,98,300
B_S0_snr-16_id99_T300,S0,-16,99,300
B_S0_snr-16_id100_T300,S0,-16,100,300
B_S0_snr-14_id1_T300,S0,-14,1,300
B_S0_snr-14_id2_T300,S0,-14,2,300
B_S0_snr-14_id3_T300,S0,-14,3,300
B_S0_snr-14_id4_T300,S0,-14,4,300
B_S0_snr-14_id5_T300,S0,-14,5,300
B_S0_snr-14_id6_T300,S0,-14,6,300
B_S0_snr-14_id7_T300,S0,-14,7,300
B_S0_snr-14_id8_T300,S0,-14,8,300
B_S0_snr-14_id9_T300,S0,-14,9,300
B_S0_snr-14_id10_T300,S0,-14,10,300
B_S0_snr-14_id11_T300,S0,-14,11,300
B_S0_snr-14_id12_T300,S0,-14,12,300
B_S0_snr-14_id13_T300,S0,-14,13,300
B_S0_snr-14_id14_T300,S0,-14,14,300
B_S0_snr-14_id15_T300,S0,-14,15,300
B_S0_snr-14_id16_T300,S0,-14,16,300
B_S0_snr-14_id17_T300,S0,-14,17,300
B_S0_snr-14_id18_T300,S0,-14,18,300
B_S0_snr-14_id19_T300,S0,-14,19,300
B_S0_snr-14_id20_T300,S0,-14,20,300
B_S0_snr-14_id21_T300,S0,-14,21,300
B_S0_snr-14_id22_T300,S0,-14,22,300
B_S0_snr-14_id23_T300,S0,-14,23,300
B_S0_snr-14_id24_T300,S0,-14,24,300
B_S0_snr-14_id25_T300,S0,-14,25,300
B_S0_snr-14_id26_T300,S0,-14,26,300
B_S0_snr-14_id27_T300,S0,-14,27,300
B_S0_snr-14_id28_T300,S0,-14,28,300
B_S0_snr-14_id29_T300,S0,-14,29,300
B_S0_snr-14_id30_T300,S0,-14,30,300
B_S0_snr-14_id31_T300,S0,-14,31,300
B_S0_snr-14_id32_T300,S0,-14,32,300
B_S0_snr-14_id33_T300,S0,-14,33,300
B_S0_snr-14_id34_T300,S0,-14,34,300
B_S0_snr-14_id35_T300,S0,-14,35,300
B_S0_snr-14_id36_T300,S0,-14,36,300
B_S0_snr-14_id37_T300,S0,-14,37,300
B_S0_snr-14_id38_T300,S0,-14,38,300
B_S0_snr-14_id39_T300,S0,-14,39,300
B_S0_snr-14_id40_T300,S0,-14,40,300
B_S0_snr-14_id41_T300,S0,-14,41,300
B_S0_snr-14_id42_T300,S0,-14,42,300
B_S0_snr-14_id43_T300,S0,-14,43,300
B_S0_snr-14_id44_T300,S0,-14,44,300
B_S0_snr-14_id45_T300,S0,-14,45,300
B_S0_snr-14_id46_T300,S0,-14,46,300
B_S0_snr-14_id47_T300,S0,-14,47,300
B_S0_snr-14_id48_T300,S0,-14,48,300
B_S0_snr-14_id49_T300,S0,-14,49,300
B_S0_snr-14_id50_T300,S0,-14,50,300
B_S0_snr-14_id51_T300,S0,-14,51,300
B_S0_snr-14_id52_T300,S0,-14,52,300
B_S0_snr-14_id53_T300,S0,-14,53,300
B_S0_snr-14_id54_T300,S0,-14,54,300
B_S0_snr-14_id55_T300,S0,-14,55,300
B_S0_snr-14_id56_T300,S0,-14,56,300
B_S0_snr-14_id57_T300,S0,-14,57,300
B_S0_snr-14_id58_T300,S0,-14,58,300
B_S0_snr-14_id59_T300,S0,-14,59,300
B_S0_snr-14_id60_T300,S0,-14,60,300
B_S0_snr-14_id61_T300,S0,-14,61,300
B_S0_snr-14_id62_T300,S0,-14,62,300
B_S0_snr-14_id63_T300,S0,-14,63,300
B_S0_snr-14_id64_T300,S0,-14,64,300
B_S0_snr-14_id65_T300,S0,-14,65,300
B_S0_snr-14_id66_T300,S0,-14,66,300
B_S0_snr-14_id67_T300,S0,-14,67,300
B_S0_snr-14_id68_T300,S0,-14,68,300
B_S0_snr-14_id69_T300,S0,-14,69,300
B_S0_snr-14_id70_T300,S0,-14,70,300
B_S0_snr-14_id71_T300,S0,-14,71,300
B_S0_snr-14_id72_T300,S0,-14,72,300
B_S0_snr-14_id73_T300,S0,-14,73,300
B_S0_snr-14_id74_T300,S0,-14,74,300
B_S0_snr-14_id75_T300,S0,-14,75,300
B_S0_snr-14_id76_T300,S0,-14,76,300
B_S0_snr-14_id77_T300,S0,-14,77,300
B_S0_snr-14_id78_T300,S0,-14,78,300
B_S0_snr-14_id79_T300,S0,-14,79,300
B_S0_snr-14_id80_T300,S0,-14,80,300
B_S0_snr-14_id81_T300,S0,-14,81,300
B_S0_snr-14_id82_T300,S0,-14,82,300
B_S0_snr-14_id83_T300,S0,-14,83,300
B_S0_snr-14_id84_T300,S0,-14,84,300
B_S0_snr-14_id85_T300,S0,-14,85,300
B_S0_snr-14_id86_T300,S0,-14,86,300
B_S0_snr-14_id87_T300,S0,-14,87,300
B_S0_snr-14_id88_T300,S0,-14,88,300
B_S0_snr-14_id89_T300,S0,-14,89,300
B_S0_snr-14_id90_T300,S0,-14,90,300
B_S0_snr-14_id91_T300,S0,-14,91,300
B_S0_snr-14_id92_T300,S0,-14,92,300
B_S0_snr-14_id93_T300,S0,-14,93,300
B_S0_snr-14_id94_T300,S0,-14,94,300
B_S0_snr-14_id95_T300,S0,-14,95,300
B_S0_snr-14_id96_T300,S0,-14,96,300
B_S0_snr-14_id97_T300,S0,-14,97,300
B_S0_snr-14_id98_T300,S0,-14,98,300
B_S0_snr-14_id99_T300,S0,-14,99,300
B_S0_snr-14_id100_T300,S0,-14,100,300
B_S0_snr-12_id1_T300,S0,-12,1,300
B_S0_snr-12_id2_T300,S0,-12,2,300
B_S0_snr-12_id3_T300,S0,-12,3,300
B_S0_snr-12_id4_T300,S0,-12,4,300
B_S0_snr-12_id5_T300,S0,-12,5,300
B_S0_snr-12_id6_T300,S0,-12,6,300
B_S0_snr-12_id7_T300,S0,-12,7,300
B_S0_snr-12_id8_T300,S0,-12,8,300
B_S0_snr-12_id9_T300,S0,-12,9,300
B_S0_snr-12_id10_T300,S0,-12,10,300
B_S0_snr-12_id11_T300,S0,-12,11,300
B_S0_snr-12_id12_T300,S0,-12,12,300
B_S0_snr-12_id13_T300,S0,-12,13,300
B_S0_snr-12_id14_T300,S0,-12,14,300
B_S0_snr-12_id15_T300,S0,-12,15,300
B_S0_snr-12_id16_T300,S0,-12,16,300
B_S0_snr-12_id17_T300,S0,-12,17,300
B_S0_snr-12_id18_T300,S0,-12,18,300
B_S0_snr-12_id19_T300,S0,-12,19,300
B_S0_snr-12_id20_T300,S0,-12,20,300
B_S0_snr-12_id21_T300,S0,-12,21,300
B_S0_snr-12_id22_T300,S0,-12,22,300
B_S0_snr-12_id23_T300,S0,-12,23,300
B_S0_snr-12_id24_T300,S0,-12,24,300
B_S0_snr-12_id25_T300,S0,-12,25,300
B_S0_snr-12_id26_T300,S0,-12,26,300
B_S0_snr-12_id27_T300,S0,-12,27,300
B_S0_snr-12_id28_T300,S0,-12,28,300
B_S0_snr-12_id29_T300,S0,-12,29,300
B_S0_snr-12_id30_T300,S0,-12,30,300
B_S0_snr-12_id31_T300,S0,-12,31,300
B_S0_snr-12_id32_T300,S0,-12,32,300
B_S0_snr-12_id33_T300,S0,-12,33,300
B_S0_snr-12_id34_T300,S0,-12,34,300
B_S0_snr-12_id35_T300,S0,-12,35,300
B_S0_snr-12_id36_T300,S0,-12,36,300
B_S0_snr-12_id37_T300,S0,-12,37,300
B_S0_snr-12_id38_T300,S0,-12,38,300
B_S0_snr-12_id39_T300,S0,-12,39,300
B_S0_snr-12_id40_T300,S0,-12,40,300
B_S0_snr-12_id41_T300,S0,-12,41,300
B_S0_snr-12_id42_T300,S0,-12,42,300
B_S0_snr-12_id43_T300,S0,-12,43,300
B_S0_snr-12_id44_T300,S0,-12,44,300
B_S0_snr-12_id45_T300,S0,-12,45,300
B_S0_snr-12_id46_T300,S0,-12,46,300
B_S0_snr-12_id47_T300,S0,-12,47,300
B_S0_snr-12_id48_T300,S0,-12,48,300
B_S0_snr-12_id49_T300,S0,-12,49,300
B_S0_snr-12_id50_T300,S0,-12,50,300
B_S0_snr-12_id51_T300,S0,-12,51,300
B_S0_snr-12_id52_T300,S0,-12,52,300
B_S0_snr-12_id53_T300,S0,-12,53,300
B_S0_snr-12_id54_T300,S0,-12,54,300
B_S0_snr-12_id55_T300,S0,-12,55,300
B_S0_snr-12_id56_T300,S0,-12,56,300
B_S0_snr-12_id57_T300,S0,-12,57,300
B_S0_snr-12_id58_T300,S0,-12,58,300
B_S0_snr-12_id59_T300,S0,-12,59,300
B_S0_snr-12_id60_T300,S0,-12,60,300
B_S0_snr-12_id61_T300,S0,-12,61,300
B_S0_snr-12_id62_T300,S0,-12,62,300
B_S0_snr-12_id63_T300,S0,-12,63,300
B_S0_snr-12_id64_T300,S0,-12,64,300
B_S0_snr-12_id65_T300,S0,-12,65,300
B_S0_snr-12_id66_T300,S0,-12,66,300
B_S0_snr-12_id67_T300,S0,-12,67,300
B_S0_snr-12_id68_T300,S0,-12,68,300
B_S0_snr-12_id69_T300,S0,-12,69,300
B_S0_snr-12_id70_T300,S0,-12,70,300
B_S0_snr-12_id71_T300,S0,-12,71,300
B_S0_snr-12_id72_T300,S0,-12,72,300
B_S0_snr-12_id73_T300,S0,-12,73,300
B_S0_snr-12_id74_T300,S0,-12,74,300
B_S0_snr-12_id75_T300,S0,-12,75,300
B_S0_snr-12_id76_T300,S0,-12,76,300
B_S0_snr-12_id77_T300,S0,-12,77,300
B_S0_snr-12_id78_T300,S0,-12,78,300
B_S0_snr-12_id79_T300,S0,-12,79,300
B_S0_snr-12_id80_T300,S0,-12,80,300
B_S0_snr-12_id81_T300,S0,-12,81,300
B_S0_snr-12_id82_T300,S0,-12,82,300
B_S0_snr-12_id83_T300,S0,-12,83,300
B_S0_snr-12_id84_T300,S0,-12,84,300
B_S0_snr-12_id85_T300,S0,-12,85,300
B_S0_snr-12_id86_T300,S0,-12,86,300
B_S0_snr-12_id87_T300,S0,-12,87,300
B_S0_snr-12_id88_T300,S0,-12,88,300
B_S0_snr-12_id89_T300,S0,-12,89,300
B_S0_snr-12_id90_T300,S0,-12,90,300
B_S0_snr-12_id91_T300,S0,-12,91,300
B_S0_snr-12_id92_T300,S0,-12,92,300
B_S0_snr-12_id93_T300,S0,-12,93,300
B_S0_snr-12_id94_T300,S0,-12,94,300
B_S0_snr-12_id95_T300,S0,-12,95,300
B_S0_snr-12_id96_T300,S0,-12,96,300
B_S0_snr-12_id97_T300,S0,-12,97,300
B_S0_snr-12_id98_T300,S0,-12,98,300
B_S0_snr-12_id99_T300,S0,-12,99,300
B_S0_snr-12_id100_T300,S0,-12,100,300
B_S0_snr-10_id1_T300,S0,-10,1,300
B_S0_snr-10_id2_T300,S0,-10,2,300
B_S0_snr-10_id3_T300,S0,-10,3,300
B_S0_snr-10_id4_T300,S0,-10,4,300
B_S0_snr-10_id5_T300,S0,-10,5,300
B_S0_snr-10_id6_T300,S0,-10,6,300
B_S0_snr-10_id7_T300,S0,-10,7,300
B_S0_snr-10_id8_T300,S0,-10,8,300
B_S0_snr-10_id9_T300,S0,-10,9,300
B_S0_snr-10_id10_T300,S0,-10,10,300
B_S0_snr-10_id11_T300,S0,-10,11,300
B_S0_snr-10_id12_T300,S0,-10,12,300
B_S0_snr-10_id13_T300,S0,-10,13,300
B_S0_snr-10_id14_T300,S0,-10,14,300
B_S0_snr-10_id15_T300,S0,-10,15,300
B_S0_snr-10_id16_T300,S0,-10,16,300
B_S0_snr-10_id17_T300,S0,-10,17,300
B_S0_snr-10_id18_T300,S0,-10,18,300
B_S0_snr-10_id19_T300,S0,-10,19,300
B_S0_snr-10_id20_T300,S0,-10,20,300
B_S0_snr-10_id21_T300,S0,-10,21,300
B_S0_snr-10_id22_T300,S0,-10,22,300
B_S0_snr-10_id23_T300,S0,-10,23,300
B_S0_snr-10_id24_T300,S0,-10,24,300
B_S0_snr-10_id25_T300,S0,-10,25,300
B_S0_snr-10_id26_T300,S0,-10,26,300
B_S0_snr-10_id27_T300,S0,-10,27,300
B_S0_snr-10_id28_T300,S0,-10,28,300
B_S0_snr-10_id29_T300,S0,-10,29,300
B_S0_snr-10_id30_T300,S0,-10,30,300
B_S0_snr-10_id31_T300,S0,-10,31,300
B_S0_snr-10_id32_T300,S0,-10,32,300
B_S0_snr-10_id33_T300,S0,-10,33,300
B_S0_snr-10_id34_T300,S0,-10,34,300
B_S0_snr-10_id35_T300,S0,-10,35,300
B_S0_snr-10_id36_T300,S0,-10,36,300
B_S0_snr-10_id37_T300,S0,-10,37,300
B_S0_snr-10_id38_T300,S0,-10,38,300
B_S0_snr-10_id39_T300,S0,-10,39,300
B_S0_snr-10_id40_T300,S0,-10,40,300
B_S0_snr-10_id41_T300,S0,-10,41,300
B_S0_snr-10_id42_T300,S0,-10,42,300
B_S0_snr-10_id43_T300,S0,-10,43,300
B_S0_snr-10_id44_T300,S0,-10,44,300
B_S0_snr-10_id45_T300,S0,-10,45,300
B_S0_snr-10_id46_T300,S0,-10,46,300
B_S0_snr-10_id47_T300,S0,-10,47,300
B_S0_snr-10_id48_T300,S0,-10,48,300
B_S0_snr-10_id49_T300,S0,-10,49,300
B_S0_snr-10_id50_T300,S0,-10,50,300
B_S0_snr-10_id51_T300,S0,-10,51,300
B_S0_snr-10_id52_T300,S0,-10,52,300
B_S0_snr-10_id53_T300,S0,-10,53,300
B_S0_snr-10_id54_T300,S0,-10,54,300
B_S0_snr-10_id55_T300,S0,-10,55,300
B_S0_snr-10_id56_T300,S0,-10,56,300
B_S0_snr-10_id57_T300,S0,-10,57,300
B_S0_snr-10_id58_T300,S0,-10,58,300
B_S0_snr-10_id59_T300,S0,-10,59,300
B_S0_snr-10_id60_T300,S0,-10,60,300
B_S0_snr-10_id61_T300,S0,-10,61,300
B_S0_snr-10_id62_T300,S0,-10,62,300
B_S0_snr-10_id63_T300,S0,-10,63,300
B_S0_snr-10_id64_T300,S0,-10,64,300
B_S0_snr-10_id65_T300,S0,-10,65,300
B_S0_snr-10_id66_T300,S0,-10,66,300
B_S0_snr-10_id67_T300,S0,-10,67,300
B_S0_snr-10_id68_T300,S0,-10,68,300
B_S0_snr-10_id69_T300,S0,-10,69,300
B_S0_snr-10_id70_T300,S0,-10,70,300
B_S0_snr-10_id71_T300,S0,-10,71,300
B_S0_snr-10_id72_T300,S0,-10,72,300
B_S0_snr-10_id73_T300,S0,-10,73,300
B_S0_snr-10_id74_T300,S0,-10,74,300
B_S0_snr-10_id75_T300,S0,-10,75,300
B_S0_snr-10_id76_T300,S0,-10,76,300
B_S0_snr-10_id77_T300,S0,-10,77,300
B_S0_snr-10_id78_T300,S0,-10,78,300
B_S0_snr-10_id79_T300,S0,-10,79,300
B_S0_snr-10_id80_T300,S0,-10,80,300
B_S0_snr-10_id81_T300,S0,-10,81,300
B_S0_snr-10_id82_T300,S0,-10,82,300
B_S0_snr-10_id83_T300,S0,-10,83,300
B_S0_snr-10_id84_T300,S0,-10,84,300
B_S0_snr-10_id85_T300,S0,-10,85,300
B_S0_snr-10_id86_T300,S0,-10,86,300
B_S0_snr-10_id87_T300,S0,-10,87,300
B_S0_snr-10_id88_T300,S0,-10,88,300
B_S0_snr-10_id89_T300,S0,-10,89,300
B_S0_snr-10_id90_T300,S0,-10,90,300
B_S0_snr-10_id91_T300,S0,-10,91,300
B_S0_snr-10_id92_T300,S0,-10,92,300
B_S0_snr-10_id93_T300,S0,-10,93,300
B_S0_snr-10_id94_T300,S0,-10,94,300
B_S0_snr-10_id95_T300,S0,-10,95,300
B_S0_snr-10_id96_T300,S0,-10,96,300
B_S0_snr-10_id97_T300,S0,-10,97,300
B_S0_snr-10_id98_T300,S0,-10,98,300
B_S0_snr-10_id99_T300,S0,-10,99,300
B_S0_snr-10_id100_T300,S0,-10,100,300
B_S0_snr-8_id1_T300,S0,-8,1,300
B_S0_snr-8_id2_T300,S0,-8,2,300
B_S0_snr-8_id3_T300,S0,-8,3,300
B_S0_snr-8_id4_T300,S0,-8,4,300
B_S0_snr-8_id5_T300,S0,-8,5,300
B_S0_snr-8_id6_T300,S0,-8,6,300
B_S0_snr-8_id7_T300,S0,-8,7,300
B_S0_snr-8_id8_T300,S0,-8,8,300
B_S0_snr-8_id9_T300,S0,-8,9,300
B_S0_snr-8_id10_T300,S0,-8,10,300
B_S0_snr-8_id11_T300,S0,-8,11,300
B_S0_snr-8_id12_T300,S0,-8,12,300
B_S0_snr-8_id13_T300,S0,-8,13,300
B_S0_snr-8_id14_T300,S0,-8,14,300
B_S0_snr-8_id15_T300,S0,-8,15,300
B_S0_snr-8_id16_T300,S0,-8,16,300
B_S0_snr-8_id17_T300,S0,-8,17,300
B_S0_snr-8_id18_T300,S0,-8,18,300
B_S0_snr-8_id19_T300,S0,-8,19,300
B_S0_snr-8_id20_T300,S0,-8,20,300
B_S0_snr-8_id21_T300,S0,-8,21,300
B_S0_snr-8_id22_T300,S0,-8,22,300
B_S0_snr-8_id23_T300,S0,-8,23,300
B_S0_snr-8_id24_T300,S0,-8,24,300
B_S0_snr-8_id25_T300,S0,-8,25,300
B_S0_snr-8_id26_T300,S0,-8,26,300
B_S0_snr-8_id27_T300,S0,-8,27,300
B_S0_snr-8_id28_T300,S0,-8,28,300
B_S0_snr-8_id29_T300,S0,-8,29,300
B_S0_snr-8_id30_T300,S0,-8,30,300
B_S0_snr-8_id31_T300,S0,-8,31,300
B_S0_snr-8_id32_T300,S0,-8,32,300
B_S0_snr-8_id33_T300,S0,-8,33,300
B_S0_snr-8_id34_T300,S0,-8,34,300
B_S0_snr-8_id35_T300,S0,-8,35,300
B_S0_snr-8_id36_T300,S0,-8,36,300
B_S0_snr-8_id37_T300,S0,-8,37,300
B_S0_snr-8_id38_T300,S0,-8,38,300
B_S0_snr-8_id39_T300,S0,-8,39,300
B_S0_snr-8_id40_T300,S0,-8,40,300
B_S0_snr-8_id41_T300,S0,-8,41,300
B_S0_snr-8_id42_T300,S0,-8,42,300
B_S0_snr-8_id43_T300,S0,-8,43,300
B_S0_snr-8_id44_T300,S0,-8,44,300
B_S0_snr-8_id45_T300,S0,-8,45,300
B_S0_snr-8_id46_T300,S0,-8,46,300
B_S0_snr-8_id47_T300,S0,-8,47,300
B_S0_snr-8_id48_T300,S0,-8,48,300
B_S0_snr-8_id49_T300,S0,-8,49,300
B_S0_snr-8_id50_T300,S0,-8,50,300
B_S0_snr-8_id51_T300,S0,-8,51,300
B_S0_snr-8_id52_T300,S0,-8,52,300
B_S0_snr-8_id53_T300,S0,-8,53,300
B_S0_snr-8_id54_T300,S0,-8,54,300
B_S0_snr-8_id55_T300,S0,-8,55,300
B_S0_snr-8_id56_T300,S0,-8,56,300
B_S0_snr-8_id57_T300,S0,-8,57,300
B_S0_snr-8_id58_T300,S0,-8,58,300
B_S0_snr-8_id59_T300,S0,-8,59,300
B_S0_snr-8_id60_T300,S0,-8,60,300
B_S0_snr-8_id61_T300,S0,-8,61,300
B_S0_snr-8_id62_T300,S0,-8,62,300
B_S0_snr-8_id63_T300,S0,-8,63,300
B_S0_snr-8_id64_T300,S0,-8,64,300
B_S0_snr-8_id65_T300,S0,-8,65,300
B_S0_snr-8_id66_T300,S0,-8,66,300
B_S0_snr-8_id67_T300,S0,-8,67,300
B_S0_snr-8_id68_T300,S0,-8,68,300
B_S0_snr-8_id69_T300,S0,-8,69,300
B_S0_snr-8_id70_T300,S0,-8,70,300
B_S0_snr-8_id71_T300,S0,-8,71,300
B_S0_snr-8_id72_T300,S0,-8,72,300
B_S0_snr-8_id73_T300,S0,-8,73,300
B_S0_snr-8_id74_T300,S0,-8,74,300
B_S0_snr-8_id75_T300,S0,-8,75,300
B_S0_snr-8_id76_T300,S0,-8,76,300
B_S0_snr-8_id77_T300,S0,-8,77,300
B_S0_snr-8_id78_T300,S0,-8,78,300
B_S0_snr-8_id79_T300,S0,-8,79,300
B_S0_snr-8_id80_T300,S0,-8,80,300
B_S0_snr-8_id81_T300,S0,-8,81,300
B_S0_snr-8_id82_T300,S0,-8,82,300
B_S0_snr-8_id83_T300,S0,-8,83,300
B_S0_snr-8_id84_T300,S0,-8,84,300
B_S0_snr-8_id85_T300,S0,-8,85,300
B_S0_snr-8_id86_T300,S0,-8,86,300
B_S0_snr-8_id87_T300,S0,-8,87,300
B_S0_snr-8_id88_T300,S0,-8,88,300
B_S0_snr-8_id89_T300,S0,-8,89,300
B_S0_snr-8_id90_T300,S0,-8,90,300
B_S0_snr-8_id91_T300,S0,-8,91,300
B_S0_snr-8_id92_T300,S0,-8,92,300
B_S0_snr-8_id93_T300,S0,-8,93,300
B_S0_snr-8_id94_T300,S0,-8,94,300
B_S0_snr-8_id95_T300,S0,-8,95,300
B_S0_snr-8_id96_T300,S0,-8,96,300
B_S0_snr-8_id97_T300,S0,-8,97,300
B_S0_snr-8_id98_T300,S0,-8,98,300
B_S0_snr-8_id99_T300,S0,-8,99,300
B_S0_snr-8_id100_T300,S0,-8,100,300
B_S2_snr-20_id1_T300,S2,-20,1,300
B_S2_snr-20_id2_T300,S2,-20,2,300
B_S2_snr-20_id3_T300,S2,-20,3,300
B_S2_snr-20_id4_T300,S2,-20,4,300
B_S2_snr-20_id5_T300,S2,-20,5,300
B_S2_snr-20_id6_T300,S2,-20,6,300
B_S2_snr-20_id7_T300,S2,-20,7,300
B_S2_snr-20_id8_T300,S2,-20,8,300
B_S2_snr-20_id9_T300,S2,-20,9,300
B_S2_snr-20_id10_T300,S2,-20,10,300
B_S2_snr-20_id11_T300,S2,-20,11,300
B_S2_snr-20_id12_T300,S2,-20,12,300
B_S2_snr-20_id13_T300,S2,-20,13,300
B_S2_snr-20_id14_T300,S2,-20,14,300
B_S2_snr-20_id15_T300,S2,-20,15,300
B_S2_snr-20_id16_T300,S2,-20,16,300
B_S2_snr-20_id17_T300,S2,-20,17,300
B_S2_snr-20_id18_T300,S2,-20,18,300
B_S2_snr-20_id19_T300,S2,-20,19,300
B_S2_snr-20_id20_T300,S2,-20,20,300
B_S2_snr-20_id21_T300,S2,-20,21,300
B_S2_snr-20_id22_T300,S2,-20,22,300
B_S2_snr-20_id23_T300,S2,-20,23,300
B_S2_snr-20_id24_T300,S2,-20,24,300
B_S2_snr-20_id25_T300,S2,-20,25,300
B_S2_snr-20_id26_T300,S2,-20,26,300
B_S2_snr-20_id27_T300,S2,-20,27,300
B_S2_snr-20_id28_T300,S2,-20,28,300
B_S2_snr-20_id29_T300,S2,-20,29,300
B_S2_snr-20_id30_T300,S2,-20,30,300
B_S2_snr-20_id31_T300,S2,-20,31,300
B_S2_snr-20_id32_T300,S2,-20,32,300
B_S2_snr-20_id33_T300,S2,-20,33,300
B_S2_snr-20_id34_T300,S2,-20,34,300
B_S2_snr-20_id35_T300,S2,-20,35,300
B_S2_snr-20_id36_T300,S2,-20,36,300
B_S2_snr-20_id37_T300,S2,-20,37,300
B_S2_snr-20_id38_T300,S2,-20,38,300
B_S2_snr-20_id39_T300,S2,-20,39,300
B_S2_snr-20_id40_T300,S2,-20,40,300
B_S2_snr-20_id41_T300,S2,-20,41,300
B_S2_snr-20_id42_T300,S2,-20,42,300
B_S2_snr-20_id43_T300,S2,-20,43,300
B_S2_snr-20_id44_T300,S2,-20,44,300
B_S2_snr-20_id45_T300,S2,-20,45,300
B_S2_snr-20_id46_T300,S2,-20,46,300
B_S2_snr-20_id47_T300,S2,-20,47,300
B_S2_snr-20_id48_T300,S2,-20,48,300
B_S2_snr-20_id49_T300,S2,-20,49,300
B_S2_snr-20_id50_T300,S2,-20,50,300
B_S2_snr-20_id51_T300,S2,-20,51,300
B_S2_snr-20_id52_T300,S2,-20,52,300
B_S2_snr-20_id53_T300,S2,-20,53,300
B_S2_snr-20_id54_T300,S2,-20,54,300
B_S2_snr-20_id55_T300,S2,-20,55,300
B_S2_snr-20_id56_T300,S2,-20,56,300
B_S2_snr-20_id57_T300,S2,-20,57,300
B_S2_snr-20_id58_T300,S2,-20,58,300
B_S2_snr-20_id59_T300,S2,-20,59,300
B_S2_snr-20_id60_T300,S2,-20,60,300
B_S2_snr-20_id61_T300,S2,-20,61,300
B_S2_snr-20_id62_T300,S2,-20,62,300
B_S2_snr-20_id63_T300,S2,-20,63,300
B_S2_snr-20_id64_T300,S2,-20,64,300
B_S2_snr-20_id65_T300,S2,-20,65,300
B_S2_snr-20_id66_T300,S2,-20,66,300
B_S2_snr-20_id67_T300,S2,-20,67,300
B_S2_snr-20_id68_T300,S2,-20,68,300
B_S2_snr-20_id69_T300,S2,-20,69,300
B_S2_snr-20_id70_T300,S2,-20,70,300
B_S2_snr-20_id71_T300,S2,-20,71,300
B_S2_snr-20_id72_T300,S2,-20,72,300
B_S2_snr-20_id73_T300,S2,-20,73,300
B_S2_snr-20_id74_T300,S2,-20,74,300
B_S2_snr-20_id75_T300,S2,-20,75,300
B_S2_snr-20_id76_T300,S2,-20,76,300
B_S2_snr-20_id77_T300,S2,-20,77,300
B_S2_snr-20_id78_T300,S2,-20,78,300
B_S2_snr-20_id79_T300,S2,-20,79,300
B_S2_snr-20_id80_T300,S2,-20,80,300
B_S2_snr-20_id81_T300,S2,-20,81,300
B_S2_snr-20_id82_T300,S2,-20,82,300
B_S2_snr-20_id83_T300,S2,-20,83,300
B_S2_snr-20_id84_T300,S2,-20,84,300
B_S2_snr-20_id85_T300,S2,-20,85,300
B_S2_snr-20_id86_T300,S2,-20,86,300
B_S2_snr-20_id87_T300,S2,-20,87,300
B_S2_snr-20_id88_T300,S2,-20,88,300
B_S2_snr-20_id89_T300,S2,-20,89,300
B_S2_snr-20_id90_T300,S2,-20,90,300
B_S2_snr-20_id91_T300,S2,-20,91,300
B_S2_snr-20_id92_T300,S2,-20,92,300
B_S2_snr-20_id93_T300,S2,-20,93,300
B_S2_snr-20_id94_T300,S2,-20,94,300
B_S2_snr-20_id95_T300,S2,-20,95,300
B_S2_snr-20_id96_T300,S2,-20,96,300
B_S2_snr-20_id97_T300,S2,-20,97,300
B_S2_snr-20_id98_T300,S2,-20,98,300
B_S2_snr-20_id99_T300,S2,-20,99,300
B_S2_snr-20_id100_T300,S2,-20,100,300
B_S2_snr-18_id1_T300,S2,-18,1,300
B_S2_snr-18_id2_T300,S2,-18,2,300
B_S2_snr-18_id3_T300,S2,-18,3,300
B_S2_snr-18_id4_T300,S2,-18,4,300
B_S2_snr-18_id5_T300,S2,-18,5,300
B_S2_snr-18_id6_T300,S2,-18,6,300
B_S2_snr-18_id7_T300,S2,-18,7,300
B_S2_snr-18_id8_T300,S2,-18,8,300
B_S2_snr-18_id9_T300,S2,-18,9,300
B_S2_snr-18_id10_T300,S2,-18,10,300
B_S2_snr-18_id11_T300,S2,-18,11,300
B_S2_snr-18_id12_T300,S2,-18,12,300
B_S2_snr-18_id13_T300,S2,-18,13,300
B_S2_snr-18_id14_T300,S2,-18,14,300
B_S2_snr-18_id15_T300,S2,-18,15,300
B_S2_snr-18_id16_T300,S2,-18,16,300
B_S2_snr-18_id17_T300,S2,-18,17,300
B_S2_snr-18_id18_T300,S2,-18,18,300
B_S2_snr-18_id19_T300,S2,-18,19,300
B_S2_snr-18_id20_T300,S2,-18,20,300
B_S2_snr-18_id21_T300,S2,-18,21,300
B_S2_snr-18_id22_T300,S2,-18,22,300
B_S2_snr-18_id23_T300,S2,-18,23,300
B_S2_snr-18_id24_T300,S2,-18,24,300
B_S2_snr-18_id25_T300,S2,-18,25,300
B_S2_snr-18_id26_T300,S2,-18,26,300
B_S2_snr-18_id27_T300,S2,-18,27,300
B_S2_snr-18_id28_T300,S2,-18,28,300
B_S2_snr-18_id29_T300,S2,-18,29,300
B_S2_snr-18_id30_T300,S2,-18,30,300
B_S2_snr-18_id31_T300,S2,-18,31,300
B_S2_snr-18_id32_T300,S2,-18,32,300
B_S2_snr-18_id33_T300,S2,-18,33,300
B_S2_snr-18_id34_T300,S2,-18,34,300
B_S2_snr-18_id35_T300,S2,-18,35,300
B_S2_snr-18_id36_T300,S2,-18,36,300
B_S2_snr-18_id37_T300,S2,-18,37,300
B_S2_snr-18_id38_T300,S2,-18,38,300
B_S2_snr-18_id39_T300,S2,-18,39,300
B_S2_snr-18_id40_T300,S2,-18,40,300
B_S2_snr-18_id41_T300,S2,-18,41,300
B_S2_snr-18_id42_T300,S2,-18,42,300
B_S2_snr-18_id43_T300,S2,-18,43,300
B_S2_snr-18_id44_T300,S2,-18,44,300
B_S2_snr-18_id45_T300,S2,-18,45,300
B_S2_snr-18_id46_T300,S2,-18,46,300
B_S2_snr-18_id47_T300,S2,-18,47,300
B_S2_snr-18_id48_T300,S2,-18,48,300
B_S2_snr-18_id49_T300,S2,-18,49,300
B_S2_snr-18_id50_T300,S2,-18,50,300
B_S2_snr-18_id51_T300,S2,-18,51,300
B_S2_snr-18_id52_T300,S2,-18,52,300
B_S2_snr-18_id53_T300,S2,-18,53,300
B_S2_snr-18_id54_T300,S2,-18,54,300
B_S2_snr-18_id55_T300,S2,-18,55,300
B_S2_snr-18_id56_T300,S2,-18,56,300
B_S2_snr-18_id57_T300,S2,-18,57,300
B_S2_snr-18_id58_T300,S2,-18,58,300
B_S2_snr-18_id59_T300,S2,-18,59,300
B_S2_snr-18_id60_T300,S2,-18,60,300
B_S2_snr-18_id61_T300,S2,-18,61,300
B_S2_snr-18_id62_T300,S2,-18,62,300
B_S2_snr-18_id63_T300,S2,-18,63,300
B_S2_snr-18_id64_T300,S2,-18,64,300
B_S2_snr-18_id65_T300,S2,-18,65,300
B_S2_snr-18_id66_T300,S2,-18,66,300
B_S2_snr-18_id67_T300,S2,-18,67,300
B_S2_snr-18_id68_T300,S2,-18,68,300
B_S2_snr-18_id69_T300,S2,-18,69,300
B_S2_snr-18_id70_T300,S2,-18,70,300
B_S2_snr-18_id71_T300,S2,-18,71,300
B_S2_snr-18_id72_T300,S2,-18,72,300
B_S2_snr-18_id73_T300,S2,-18,73,300
B_S2_snr-18_id74_T300,S2,-18,74,300
B_S2_snr-18_id75_T300,S2,-18,75,300
B_S2_snr-18_id76_T300,S2,-18,76,300
B_S2_snr-18_id77_T300,S2,-18,77,300
B_S2_snr-18_id78_T300,S2,-18,78,300
B_S2_snr-18_id79_T300,S2,-18,79,300
B_S2_snr-18_id80_T300,S2,-18,80,300
B_S2_snr-18_id81_T300,S2,-18,81,300
B_S2_snr-18_id82_T300,S2,-18,82,300
B_S2_snr-18_id83_T300,S2,-18,83,300
B_S2_snr-18_id84_T300,S2,-18,84,300
B_S2_snr-18_id85_T300,S2,-18,85,300
B_S2_snr-18_id86_T300,S2,-18,86,300
B_S2_snr-18_id87_T300,S2,-18,87,300
B_S2_snr-18_id88_T300,S2,-18,88,300
B_S2_snr-18_id89_T300,S2,-18,89,300
B_S2_snr-18_id90_T300,S2,-18,90,300
B_S2_snr-18_id91_T300,S2,-18,91,300
B_S2_snr-18_id92_T300,S2,-18,92,300
B_S2_snr-18_id93_T300,S2,-18,93,300
B_S2_snr-18_id94_T300,S2,-18,94,300
B_S2_snr-18_id95_T300,S2,-18,95,300
B_S2_snr-18_id96_T300,S2,-18,96,300
B_S2_snr-18_id97_T300,S2,-18,97,300
B_S2_snr-18_id98_T300,S2,-18,98,300
B_S2_snr-18_id99_T300,S2,-18,99,300
B_S2_snr-18_id100_T300,S2,-18,100,300
B_S2_snr-16_id1_T300,S2,-16,1,300
B_S2_snr-16_id2_T300,S2,-16,2,300
B_S2_snr-16_id3_T300,S2,-16,3,300
B_S2_snr-16_id4_T300,S2,-16,4,300
B_S2_snr-16_id5_T300,S2,-16,5,300
B_S2_snr-16_id6_T300,S2,-16,6,300
B_S2_snr-16_id7_T300,S2,-16,7,300
B_S2_snr-16_id8_T300,S2,-16,8,300
B_S2_snr-16_id9_T300,S2,-16,9,300
B_S2_snr-16_id10_T300,S2,-16,10,300
B_S2_snr-16_id11_T300,S2,-16,11,300
B_S2_snr-16_id12_T300,S2,-16,12,300
B_S2_snr-16_id13_T300,S2,-16,13,300
B_S2_snr-16_id14_T300,S2,-16,14,300
B_S2_snr-16_id15_T300,S2,-16,15,300
B_S2_snr-16_id16_T300,S2,-16,16,300
B_S2_snr-16_id17_T300,S2,-16,17,300
B_S2_snr-16_id18_T300,S2,-16,18,300
B_S2_snr-16_id19_T300,S2,-16,19,300
B_S2_snr-16_id20_T300,S2,-16,20,300
B_S2_snr-16_id21_T300,S2,-16,21,300
B_S2_snr-16_id22_T300,S2,-16,22,300
B_S2_snr-16_id23_T300,S2,-16,23,300
B_S2_snr-16_id24_T300,S2,-16,24,300
B_S2_snr-16_id25_T300,S2,-16,25,300
B_S2_snr-16_id26_T300,S2,-16,26,300
B_S2_snr-16_id27_T300,S2,-16,27,300
B_S2_snr-16_id28_T300,S2,-16,28,300
B_S2_snr-16_id29_T300,S2,-16,29,300
B_S2_snr-16_id30_T300,S2,-16,30,300
B_S2_snr-16_id31_T300,S2,-16,31,300
B_S2_snr-16_id32_T300,S2,-16,32,300
B_S2_snr-16_id33_T300,S2,-16,33,300
B_S2_snr-16_id34_T300,S2,-16,34,300
B_S2_snr-16_id35_T300,S2,-16,35,300
B_S2_snr-16_id36_T300,S2,-16,36,300
B_S2_snr-16_id37_T300,S2,-16,37,300
B_S2_snr-16_id38_T300,S2,-16,38,300
B_S2_snr-16_id39_T300,S2,-16,39,300
B_S2_snr-16_id40_T300,S2,-16,40,300
B_S2_snr-16_id41_T300,S2,-16,41,300
B_S2_snr-16_id42_T300,S2,-16,42,300
B_S2_snr-16_id43_T300,S2,-16,43,300
B_S2_snr-16_id44_T300,S2,-16,44,300
B_S2_snr-16_id45_T300,S2,-16,45,300
B_S2_snr-16_id46_T300,S2,-16,46,300
B_S2_snr-16_id47_T300,S2,-16,47,300
B_S2_snr-16_id48_T300,S2,-16,48,300
B_S2_snr-16_id49_T300,S2,-16,49,300
B_S2_snr-16_id50_T300,S2,-16,50,300
B_S2_snr-16_id51_T300,S2,-16,51,300
B_S2_snr-16_id52_T300,S2,-16,52,300
B_S2_snr-16_id53_T300,S2,-16,53,300
B_S2_snr-16_id54_T300,S2,-16,54,300
B_S2_snr-16_id55_T300,S2,-16,55,300
B_S2_snr-16_id56_T300,S2,-16,56,300
B_S2_snr-16_id57_T300,S2,-16,57,300
B_S2_snr-16_id58_T300,S2,-16,58,300
B_S2_snr-16_id59_T300,S2,-16,59,300
B_S2_snr-16_id60_T300,S2,-16,60,300
B_S2_snr-16_id61_T300,S2,-16,61,300
B_S2_snr-16_id62_T300,S2,-16,62,300
B_S2_snr-16_id63_T300,S2,-16,63,300
B_S2_snr-16_id64_T300,S2,-16,64,300
B_S2_snr-16_id65_T300,S2,-16,65,300
B_S2_snr-16_id66_T300,S2,-16,66,300
B_S2_snr-16_id67_T300,S2,-16,67,300
B_S2_snr-16_id68_T300,S2,-16,68,300
B_S2_snr-16_id69_T300,S2,-16,69,300
B_S2_snr-16_id70_T300,S2,-16,70,300
B_S2_snr-16_id71_T300,S2,-16,71,300
B_S2_snr-16_id72_T300,S2,-16,72,300
B_S2_snr-16_id73_T300,S2,-16,73,300
B_S2_snr-16_id74_T300,S2,-16,74,300
B_S2_snr-16_id75_T300,S2,-16,75,300
B_S2_snr-16_id76_T300,S2,-16,76,300
B_S2_snr-16_id77_T300,S2,-16,77,300
B_S2_snr-16_id78_T300,S2,-16,78,300
B_S2_snr-16_id79_T300,S2,-16,79,300
B_S2_snr-16_id80_T300,S2,-16,80,300
B_S2_snr-16_id81_T300,S2,-16,81,300
B_S2_snr-16_id82_T300,S2,-16,82,300
B_S2_snr-16_id83_T300,S2,-16,83,300
B_S2_snr-16_id84_T300,S2,-16,84,300
B_S2_snr-16_id85_T300,S2,-16,85,300
B_S2_snr-16_id86_T300,S2,-16,86,300
B_S2_snr-16_id87_T300,S2,-16,87,300
B_S2_snr-16_id88_T300,S2,-16,88,300
B_S2_snr-16_id89_T300,S2,-16,89,300
B_S2_snr-16_id90_T300,S2,-16,90,300
B_S2_snr-16_id91_T300,S2,-16,91,300
B_S2_snr-16_id92_T300,S2,-16,92,300
B_S2_snr-16_id93_T300,S2,-16,93,300
B_S2_snr-16_id94_T300,S2,-16,94,300
B_S2_snr-16_id95_T300,S2,-16,95,300
B_S2_snr-16_id96_T300,S2,-16,96,300
B_S2_snr-16_id97_T300,S2,-16,97,300
B_S2_snr-16_id98_T300,S2,-16,98,300
B_S2_snr-16_id99_T300,S2,-16,99,300
B_S2_snr-16_id100_T300,S2,-16,100,300
B_S2_snr-14_id1_T300,S2,-14,1,300
B_S2_snr-14_id2_T300,S2,-14,2,300
B_S2_snr-14_id3_T300,S2,-14,3,300
B_S2_snr-14_id4_T300,S2,-14,4,300
B_S2_snr-14_id5_T300,S2,-14,5,300
B_S2_snr-14_id6_T300,S2,-14,6,300
B_S2_snr-14_id7_T300,S2,-14,7,300
B_S2_snr-14_id8_T300,S2,-14,8,300
B_S2_snr-14_id9_T300,S2,-14,9,300
B_S2_snr-14_id10_T300,S2,-14,10,300
B_S2_snr-14_id11_T300,S2,-14,11,300
B_S2_snr-14_id12_T300,S2,-14,12,300
B_S2_snr-14_id13_T300,S2,-14,13,300
B_S2_snr-14_id14_T300,S2,-14,14,300
B_S2_snr-14_id15_T300,S2,-14,15,300
B_S2_snr-14_id16_T300,S2,-14,16,300
B_S2_snr-14_id17_T300,S2,-14,17,300
B_S2_snr-14_id18_T300,S2,-14,18,300
B_S2_snr-14_id19_T300,S2,-14,19,300
B_S2_snr-14_id20_T300,S2,-14,20,300
B_S2_snr-14_id21_T300,S2,-14,21,300
B_S2_snr-14_id22_T300,S2,-14,22,300
B_S2_snr-14_id23_T300,S2,-14,23,300
B_S2_snr-14_id24_T300,S2,-14,24,300
B_S2_snr-14_id25_T300,S2,-14,25,300
B_S2_snr-14_id26_T300,S2,-14,26,300
B_S2_snr-14_id27_T300,S2,-14,27,300
B_S2_snr-14_id28_T300,S2,-14,28,300
B_S2_snr-14_id29_T300,S2,-14,29,300
B_S2_snr-14_id30_T300,S2,-14,30,300
B_S2_snr-14_id31_T300,S2,-14,31,300
B_S2_snr-14_id32_T300,S2,-14,32,300
B_S2_snr-14_id33_T300,S2,-14,33,300
B_S2_snr-14_id34_T300,S2,-14,34,300
B_S2_snr-14_id35_T300,S2,-14,35,300
B_S2_snr-14_id36_T300,S2,-14,36,300
B_S2_snr-14_id37_T300,S2,-14,37,300
B_S2_snr-14_id38_T300,S2,-14,38,300
B_S2_snr-14_id39_T300,S2,-14,39,300
B_S2_snr-14_id40_T300,S2,-14,40,300
B_S2_snr-14_id41_T300,S2,-14,41,300
B_S2_snr-14_id42_T300,S2,-14,42,300
B_S2_snr-14_id43_T300,S2,-14,43,300
B_S2_snr-14_id44_T300,S2,-14,44,300
B_S2_snr-14_id45_T300,S2,-14,45,300
B_S2_snr-14_id46_T300,S2,-14,46,300
B_S2_snr-14_id47_T300,S2,-14,47,300
B_S2_snr-14_id48_T300,S2,-14,48,300
B_S2_snr-14_id49_T300,S2,-14,49,300
B_S2_snr-14_id50_T300,S2,-14,50,300
B_S2_snr-14_id51_T300,S2,-14,51,300
B_S2_snr-14_id52_T300,S2,-14,52,300
B_S2_snr-14_id53_T300,S2,-14,53,300
B_S2_snr-14_id54_T300,S2,-14,54,300
B_S2_snr-14_id55_T300,S2,-14,55,300
B_S2_snr-14_id56_T300,S2,-14,56,300
B_S2_snr-14_id57_T300,S2,-14,57,300
B_S2_snr-14_id58_T300,S2,-14,58,300
B_S2_snr-14_id59_T300,S2,-14,59,300
B_S2_snr-14_id60_T300,S2,-14,60,300
B_S2_snr-14_id61_T300,S2,-14,61,300
B_S2_snr-14_id62_T300,S2,-14,62,300
B_S2_snr-14_id63_T300,S2,-14,63,300
B_S2_snr-14_id64_T300,S2,-14,64,300
B_S2_snr-14_id65_T300,S2,-14,65,300
B_S2_snr-14_id66_T300,S2,-14,66,300
B_S2_snr-14_id67_T300,S2,-14,67,300
B_S2_snr-14_id68_T300,S2,-14,68,300
B_S2_snr-14_id69_T300,S2,-14,69,300
B_S2_snr-14_id70_T300,S2,-14,70,300
B_S2_snr-14_id71_T300,S2,-14,71,300
B_S2_snr-14_id72_T300,S2,-14,72,300
B_S2_snr-14_id73_T300,S2,-14,73,300
B_S2_snr-14_id74_T300,S2,-14,74,300
B_S2_snr-14_id75_T300,S2,-14,75,300
B_S2_snr-14_id76_T300,S2,-14,76,300
B_S2_snr-14_id77_T300,S2,-14,77,300
B_S2_snr-14_id78_T300,S2,-14,78,300
B_S2_snr-14_id79_T300,S2,-14,79,300
B_S2_snr-14_id80_T300,S2,-14,80,300
B_S2_snr-14_id81_T300,S2,-14,81,300
B_S2_snr-14_id82_T300,S2,-14,82,300
B_S2_snr-14_id83_T300,S2,-14,83,300
B_S2_snr-14_id84_T300,S2,-14,84,300
B_S2_snr-14_id85_T300,S2,-14,85,300
B_S2_snr-14_id86_T300,S2,-14,86,300
B_S2_snr-14_id87_T300,S2,-14,87,300
B_S2_snr-14_id88_T300,S2,-14,88,300
B_S2_snr-14_id89_T300,S2,-14,89,300
B_S2_snr-14_id90_T300,S2,-14,90,300
B_S2_snr-14_id91_T300,S2,-14,91,300
B_S2_snr-14_id92_T300,S2,-14,92,300
B_S2_snr-14_id93_T300,S2,-14,93,300
B_S2_snr-14_id94_T300,S2,-14,94,300
B_S2_snr-14_id95_T300,S2,-14,95,300
B_S2_snr-14_id96_T300,S2,-14,96,300
B_S2_snr-14_id97_T300,S2,-14,97,300
B_S2_snr-14_id98_T300,S2,-14,98,300
B_S2_snr-14_id99_T300,S2,-14,99,300
B_S2_snr-14_id100_T300,S2,-14,100,300
B_S2_snr-12_id1_T300,S2,-12,1,300
B_S2_snr-12_id2_T300,S2,-12,2,300
B_S2_snr-12_id3_T300,S2,-12,3,300
B_S2_snr-12_id4_T300,S2,-12,4,300
B_S2_snr-12_id5_T300,S2,-12,5,300
B_S2_snr-12_id6_T300,S2,-12,6,300
B_S2_snr-12_id7_T300,S2,-12,7,300
B_S2_snr-12_id8_T300,S2,-12,8,300
B_S2_snr-12_id9_T300,S2,-12,9,300
B_S2_snr-12_id10_T300,S2,-12,10,300
B_S2_snr-12_id11_T300,S2,-12,11,300
B_S2_snr-12_id12_T300,S2,-12,12,300
B_S2_snr-12_id13_T300,S2,-12,13,300
B_S2_snr-12_id14_T300,S2,-12,14,300
B_S2_snr-12_id15_T300,S2,-12,15,300
B_S2_snr-12_id16_T300,S2,-12,16,300
B_S2_snr-12_id17_T300,S2,-12,17,300
B_S2_snr-12_id18_T300,S2,-12,18,300
B_S2_snr-12_id19_T300,S2,-12,19,300
B_S2_snr-12_id20_T300,S2,-12,20,300
B_S2_snr-12_id21_T300,S2,-12,21,300
B_S2_snr-12_id22_T300,S2,-12,22,300
B_S2_snr-12_id23_T300,S2,-12,23,300
B_S2_snr-12_id24_T300,S2,-12,24,300
B_S2_snr-12_id25_T300,S2,-12,25,300
B_S2_snr-12_id26_T300,S2,-12,26,300
B_S2_snr-12_id27_T300,S2,-12,27,300
B_S2_snr-12_id28_T300,S2,-12,28,300
B_S2_snr-12_id29_T300,S2,-12,29,300
B_S2_snr-12_id30_T300,S2,-12,30,300
B_S2_snr-12_id31_T300,S2,-12,31,300
B_S2_snr-12_id32_T300,S2,-12,32,300
B_S2_snr-12_id33_T300,S2,-12,33,300
B_S2_snr-12_id34_T300,S2,-12,34,300
B_S2_snr-12_id35_T300,S2,-12,35,300
B_S2_snr-12_id36_T300,S2,-12,36,300
B_S2_snr-12_id37_T300,S2,-12,37,300
B_S2_snr-12_id38_T300,S2,-12,38,300
B_S2_snr-12_id39_T300,S2,-12,39,300
B_S2_snr-12_id40_T300,S2,-12,40,300
B_S2_snr-12_id41_T300,S2,-12,41,300
B_S2_snr-12_id42_T300,S2,-12,42,300
B_S2_snr-12_id43_T300,S2,-12,43,300
B_S2_snr-12_id44_T300,S2,-12,44,300
B_S2_snr-12_id45_T300,S2,-12,45,300
B_S2_snr-12_id46_T300,S2,-12,46,300
B_S2_snr-12_id47_T300,S2,-12,47,300
B_S2_snr-12_id48_T300,S2,-12,48,300
B_S2_snr-12_id49_T300,S2,-12,49,300
B_S2_snr-12_id50_T300,S2,-12,50,300
B_S2_snr-12_id51_T300,S2,-12,51,300
B_S2_snr-12_id52_T300,S2,-12,52,300
B_S2_snr-12_id53_T300,S2,-12,53,300
B_S2_snr-12_id54_T300,S2,-12,54,300
B_S2_snr-12_id55_T300,S2,-12,55,300
B_S2_snr-12_id56_T300,S2,-12,56,300
B_S2_snr-12_id57_T300,S2,-12,57,300
B_S2_snr-12_id58_T300,S2,-12,58,300
B_S2_snr-12_id59_T300,S2,-12,59,300
B_S2_snr-12_id60_T300,S2,-12,60,300
B_S2_snr-12_id61_T300,S2,-12,61,300
B_S2_snr-12_id62_T300,S2,-12,62,300
B_S2_snr-12_id63_T300,S2,-12,63,300
B_S2_snr-12_id64_T300,S2,-12,64,300
B_S2_snr-12_id65_T300,S2,-12,65,300
B_S2_snr-12_id66_T300,S2,-12,66,300
B_S2_snr-12_id67_T300,S2,-12,67,300
B_S2_snr-12_id68_T300,S2,-12,68,300
B_S2_snr-12_id69_T300,S2,-12,69,300
B_S2_snr-12_id70_T300,S2,-12,70,300
B_S2_snr-12_id71_T300,S2,-12,71,300
B_S2_snr-12_id72_T300,S2,-12,72,300
B_S2_snr-12_id73_T300,S2,-12,73,300
B_S2_snr-12_id74_T300,S2,-12,74,300
B_S2_snr-12_id75_T300,S2,-12,75,300
B_S2_snr-12_id76_T300,S2,-12,76,300
B_S2_snr-12_id77_T300,S2,-12,77,300
B_S2_snr-12_id78_T300,S2,-12,78,300
B_S2_snr-12_id79_T300,S2,-12,79,300
B_S2_snr-12_id80_T300,S2,-12,80,300
B_S2_snr-12_id81_T300,S2,-12,81,300
B_S2_snr-12_id82_T300,S2,-12,82,300
B_S2_snr-12_id83_T300,S2,-12,83,300
B_S2_snr-12_id84_T300,S2,-12,84,300
B_S2_snr-12_id85_T300,S2,-12,85,300
B_S2_snr-12_id86_T300,S2,-12,86,300
B_S2_snr-12_id87_T300,S2,-12,87,300
B_S2_snr-12_id88_T300,S2,-12,88,300
B_S2_snr-12_id89_T300,S2,-12,89,300
B_S2_snr-12_id90_T300,S2,-12,90,300
B_S2_snr-12_id91_T300,S2,-12,91,300
B_S2_snr-12_id92_T300,S2,-12,92,300
B_S2_snr-12_id93_T300,S2,-12,93,300
B_S2_snr-12_id94_T300,S2,-12,94,300
B_S2_snr-12_id95_T300,S2,-12,95,300
B_S2_snr-12_id96_T300,S2,-12,96,300
B_S2_snr-12_id97_T300,S2,-12,97,300
B_S2_snr-12_id98_T300,S2,-12,98,300
B_S2_snr-12_id99_T300,S2,-12,99,300
B_S2_snr-12_id100_T300,S2,-12,100,300
B_S2_snr-10_id1_T300,S2,-10,1,300
B_S2_snr-10_id2_T300,S2,-10,2,300
B_S2_snr-10_id3_T300,S2,-10,3,300
B_S2_snr-10_id4_T300,S2,-10,4,300
B_S2_snr-10_id5_T300,S2,-10,5,300
B_S2_snr-10_id6_T300,S2,-10,6,300
B_S2_snr-10_id7_T300,S2,-10,7,300
B_S2_snr-10_id8_T300,S2,-10,8,300
B_S2_snr-10_id9_T300,S2,-10,9,300
B_S2_snr-10_id10_T300,S2,-10,10,300
B_S2_snr-10_id11_T300,S2,-10,11,300
B_S2_snr-10_id12_T300,S2,-10,12,300
B_S2_snr-10_id13_T300,S2,-10,13,300
B_S2_snr-10_id14_T300,S2,-10,14,300
B_S2_snr-10_id15_T300,S2,-10,15,300
B_S2_snr-10_id16_T300,S2,-10,16,300
B_S2_snr-10_id17_T300,S2,-10,17,300
B_S2_snr-10_id18_T300,S2,-10,18,300
B_S2_snr-10_id19_T300,S2,-10,19,300
B_S2_snr-10_id20_T300,S2,-10,20,300
B_S2_snr-10_id21_T300,S2,-10,21,300
B_S2_snr-10_id22_T300,S2,-10,22,300
B_S2_snr-10_id23_T300,S2,-10,23,300
B_S2_snr-10_id24_T300,S2,-10,24,300
B_S2_snr-10_id25_T300,S2,-10,25,300
B_S2_snr-10_id26_T300,S2,-10,26,300
B_S2_snr-10_id27_T300,S2,-10,27,300
B_S2_snr-10_id28_T300,S2,-10,28,300
B_S2_snr-10_id29_T300,S2,-10,29,300
B_S2_snr-10_id30_T300,S2,-10,30,300
B_S2_snr-10_id31_T300,S2,-10,31,300
B_S2_snr-10_id32_T300,S2,-10,32,300
B_S2_snr-10_id33_T300,S2,-10,33,300
B_S2_snr-10_id34_T300,S2,-10,34,300
B_S2_snr-10_id35_T300,S2,-10,35,300
B_S2_snr-10_id36_T300,S2,-10,36,300
B_S2_snr-10_id37_T300,S2,-10,37,300
B_S2_snr-10_id38_T300,S2,-10,38,300
B_S2_snr-10_id39_T300,S2,-10,39,300
B_S2_snr-10_id40_T300,S2,-10,40,300
B_S2_snr-10_id41_T300,S2,-10,41,300
B_S2_snr-10_id42_T300,S2,-10,42,300
B_S2_snr-10_id43_T300,S2,-10,43,300
B_S2_snr-10_id44_T300,S2,-10,44,300
B_S2_snr-10_id45_T300,S2,-10,45,300
B_S2_snr-10_id46_T300,S2,-10,46,300
B_S2_snr-10_id47_T300,S2,-10,47,300
B_S2_snr-10_id48_T300,S2,-10,48,300
B_S2_snr-10_id49_T300,S2,-10,49,300
B_S2_snr-10_id50_T300,S2,-10,50,300
B_S2_snr-10_id51_T300,S2,-10,51,300
B_S2_snr-10_id52_T300,S2,-10,52,300
B_S2_snr-10_id53_T300,S2,-10,53,300
B_S2_snr-10_id54_T300,S2,-10,54,300
B_S2_snr-10_id55_T300,S2,-10,55,300
B_S2_snr-10_id56_T300,S2,-10,56,300
B_S2_snr-10_id57_T300,S2,-10,57,300
B_S2_snr-10_id58_T300,S2,-10,58,300
B_S2_snr-10_id59_T300,S2,-10,59,300
B_S2_snr-10_id60_T300,S2,-10,60,300
B_S2_snr-10_id61_T300,S2,-10,61,300
B_S2_snr-10_id62_T300,S2,-10,62,300
B_S2_snr-10_id63_T300,S2,-10,63,300
B_S2_snr-10_id64_T300,S2,-10,64,300
B_S2_snr-10_id65_T300,S2,-10,65,300
B_S2_snr-10_id66_T300,S2,-10,66,300
B_S2_snr-10_id67_T300,S2,-10,67,300
B_S2_snr-10_id68_T300,S2,-10,68,300
B_S2_snr-10_id69_T300,S2,-10,69,300
B_S2_snr-10_id70_T300,S2,-10,70,300
B_S2_snr-10_id71_T300,S2,-10,71,300
B_S2_snr-10_id72_T300,S2,-10,72,300
B_S2_snr-10_id73_T300,S2,-10,73,300
B_S2_snr-10_id74_T300,S2,-10,74,300
B_S2_snr-10_id75_T300,S2,-10,75,300
B_S2_snr-10_id76_T300,S2,-10,76,300
B_S2_snr-10_id77_T300,S2,-10,77,300
B_S2_snr-10_id78_T300,S2,-10,78,300
B_S2_snr-10_id79_T300,S2,-10,79,300
B_S2_snr-10_id80_T300,S2,-10,80,300
B_S2_snr-10_id81_T300,S2,-10,81,300
B_S2_snr-10_id82_T300,S2,-10,82,300
B_S2_snr-10_id83_T300,S2,-10,83,300
B_S2_snr-10_id84_T300,S2,-10,84,300
B_S2_snr-10_id85_T300,S2,-10,85,300
B_S2_snr-10_id86_T300,S2,-10,86,300
B_S2_snr-10_id87_T300,S2,-10,87,300
B_S2_snr-10_id88_T300,S2,-10,88,300
B_S2_snr-10_id89_T300,S2,-10,89,300
B_S2_snr-10_id90_T300,S2,-10,90,300
B_S2_snr-10_id91_T300,S2,-10,91,300
B_S2_snr-10_id92_T300,S2,-10,92,300
B_S2_snr-10_id93_T300,S2,-10,93,300
B_S2_snr-10_id94_T300,S2,-10,94,300
B_S2_snr-10_id95_T300,S2,-10,95,300
B_S2_snr-10_id96_T300,S2,-10,96,300
B_S2_snr-10_id97_T300,S2,-10,97,300
B_S2_snr-10_id98_T300,S2,-10,98,300
B_S2_snr-10_id99_T300,S2,-10,99,300
B_S2_snr-10_id100_T300,S2,-10,100,300
B_S2_snr-8_id1_T300,S2,-8,1,300
B_S2_snr-8_id2_T300,S2,-8,2,300
B_S2_snr-8_id3_T300,S2,-8,3,300
B_S2_snr-8_id4_T300,S2,-8,4,300
B_S2_snr-8_id5_T300,S2,-8,5,300
B_S2_snr-8_id6_T300,S2,-8,6,300
B_S2_snr-8_id7_T300,S2,-8,7,300
B_S2_snr-8_id8_T300,S2,-8,8,300
B_S2_snr-8_id9_T300,S2,-8,9,300
B_S2_snr-8_id10_T300,S2,-8,10,300
B_S2_snr-8_id11_T300,S2,-8,11,300
B_S2_snr-8_id12_T300,S2,-8,12,300
B_S2_snr-8_id13_T300,S2,-8,13,300
B_S2_snr-8_id14_T300,S2,-8,14,300
B_S2_snr-8_id15_T300,S2,-8,15,300
B_S2_snr-8_id16_T300,S2,-8,16,300
B_S2_snr-8_id17_T300,S2,-8,17,300
B_S2_snr-8_id18_T300,S2,-8,18,300
B_S2_snr-8_id19_T300,S2,-8,19,300
B_S2_snr-8_id20_T300,S2,-8,20,300
B_S2_snr-8_id21_T300,S2,-8,21,300
B_S2_snr-8_id22_T300,S2,-8,22,300
B_S2_snr-8_id23_T300,S2,-8,23,300
B_S2_snr-8_id24_T300,S2,-8,24,300
B_S2_snr-8_id25_T300,S2,-8,25,300
B_S2_snr-8_id26_T300,S2,-8,26,300
B_S2_snr-8_id27_T300,S2,-8,27,300
B_S2_snr-8_id28_T300,S2,-8,28,300
B_S2_snr-8_id29_T300,S2,-8,29,300
B_S2_snr-8_id30_T300,S2,-8,30,300
B_S2_snr-8_id31_T300,S2,-8,31,300
B_S2_snr-8_id32_T300,S2,-8,32,300
B_S2_snr-8_id33_T300,S2,-8,33,300
B_S2_snr-8_id34_T300,S2,-8,34,300
B_S2_snr-8_id35_T300,S2,-8,35,300
B_S2_snr-8_id36_T300,S2,-8,36,300
B_S2_snr-8_id37_T300,S2,-8,37,300
B_S2_snr-8_id38_T300,S2,-8,38,300
B_S2_snr-8_id39_T300,S2,-8,39,300
B_S2_snr-8_id40_T300,S2,-8,40,300
B_S2_snr-8_id41_T300,S2,-8,41,300
B_S2_snr-8_id42_T300,S2,-8,42,300
B_S2_snr-8_id43_T300,S2,-8,43,300
B_S2_snr-8_id44_T300,S2,-8,44,300
B_S2_snr-8_id45_T300,S2,-8,45,300
B_S2_snr-8_id46_T300,S2,-8,46,300
B_S2_snr-8_id47_T300,S2,-8,47,300
B_S2_snr-8_id48_T300,S2,-8,48,300
B_S2_snr-8_id49_T300,S2,-8,49,300
B_S2_snr-8_id50_T300,S2,-8,50,300
B_S2_snr-8_id51_T300,S2,-8,51,300
B_S2_snr-8_id52_T300,S2,-8,52,300
B_S2_snr-8_id53_T300,S2,-8,53,300
B_S2_snr-8_id54_T300,S2,-8,54,300
B_S2_snr-8_id55_T300,S2,-8,55,300
B_S2_snr-8_id56_T300,S2,-8,56,300
B_S2_snr-8_id57_T300,S2,-8,57,300
B_S2_snr-8_id58_T300,S2,-8,58,300
B_S2_snr-8_id59_T300,S2,-8,59,300
B_S2_snr-8_id60_T300,S2,-8,60,300
B_S2_snr-8_id61_T300,S2,-8,61,300
B_S2_snr-8_id62_T300,S2,-8,62,300
B_S2_snr-8_id63_T300,S2,-8,63,300
B_S2_snr-8_id64_T300,S2,-8,64,300
B_S2_snr-8_id65_T300,S2,-8,65,300
B_S2_snr-8_id66_T300,S2,-8,66,300
B_S2_snr-8_id67_T300,S2,-8,67,300
B_S2_snr-8_id68_T300,S2,-8,68,300
B_S2_snr-8_id69_T300,S2,-8,69,300
B_S2_snr-8_id70_T300,S2,-8,70,300
B_S2_snr-8_id71_T300,S2,-8,71,300
B_S2_snr-8_id72_T300,S2,-8,72,300
B_S2_snr-8_id73_T300,S2,-8,73,300
B_S2_snr-8_id74_T300,S2,-8,74,300
B_S2_snr-8_id75_T300,S2,-8,75,300
B_S2_snr-8_id76_T300,S2,-8,76,300
B_S2_snr-8_id77_T300,S2,-8,77,300
B_S2_snr-8_id78_T300,S2,-8,78,300
B_S2_snr-8_id79_T300,S2,-8,79,300
B_S2_snr-8_id80_T300,S2,-8,80,300
B_S2_snr-8_id81_T300,S2,-8,81,300
B_S2_snr-8_id82_T300,S2,-8,82,300
B_S2_snr-8_id83_T300,S2,-8,83,300
B_S2_snr-8_id84_T300,S2,-8,84,300
B_S2_snr-8_id85_T300,S2,-8,85,300
B_S2_snr-8_id86_T300,S2,-8,86,300
B_S2_snr-8_id87_T300,S2,-8,87,300
B_S2_snr-8_id88_T300,S2,-8,88,300
B_S2_snr-8_id89_T300,S2,-8,89,300
B_S2_snr-8_id90_T300,S2,-8,90,300
B_S2_snr-8_id91_T300,S2,-8,91,300
B_S2_snr-8_id92_T300,S2,-8,92,300
B_S2_snr-8_id93_T300,S2,-8,93,300
B_S2_snr-8_id94_T300,S2,-8,94,300
B_S2_snr-8_id95_T300,S2,-8,95,300
B_S2_snr-8_id96_T300,S2,-8,96,300
B_S2_snr-8_id97_T300,S2,-8,97,300
B_S2_snr-8_id98_T300,S2,-8,98,300
B_S2_snr-8_id99_T300,S2,-8,99,300
B_S2_snr-8_id100_T300,S2,-8,100,300
