scene,snr_db,record_id,frontend,input_hash_match,eta_in_abs_diff,eta_out_abs_diff,passed
S0,-10,1,VS,1,1.11022302462516e-16,0.0,1
S0,-10,1,SUV,1,1.11022302462516e-16,3.33066907387547e-16,1
S0,-10,2,VS,1,1.11022302462516e-16,7.771561172376101e-16,1
S0,-10,2,SUV,1,0.0,2.2204460492503099e-16,1
S0,-10,3,VS,1,4.44089209850063e-16,7.771561172376101e-16,1
S0,-10,3,SUV,1,4.44089209850063e-16,2.44249065417534e-15,1
S0,-10,4,VS,1,3.33066907387547e-16,6.5503158452884204e-15,1
S0,-10,4,SUV,1,2.2204460492503099e-16,1.33226762955019e-15,1
S0,-10,5,VS,1,1.11022302462516e-16,8.54871728961371e-15,1
S0,-10,5,SUV,1,3.33066907387547e-16,1.53210777398272e-14,1
S0,-12,1,VS,1,0.0,1.11022302462516e-15,1
S0,-12,1,SUV,1,3.33066907387547e-16,0.0,1
S0,-12,2,VS,1,4.44089209850063e-16,2.77555756156289e-15,1
S0,-12,2,SUV,1,4.44089209850063e-16,1.22124532708767e-15,1
S0,-12,3,VS,1,2.2204460492503099e-16,4.21884749357559e-15,1
S0,-12,3,SUV,1,1.11022302462516e-16,1.99840144432528e-15,1
S0,-12,4,VS,1,0.0,2.2204460492503099e-16,1
S0,-12,4,SUV,1,1.11022302462516e-16,2.77555756156289e-15,1
S0,-12,5,VS,1,4.44089209850063e-16,1.77635683940025e-15,1
S0,-12,5,SUV,1,2.2204460492503099e-16,1.4432899320127001e-15,1
S0,-14,1,VS,1,3.33066907387547e-16,3.5527136788005e-15,1
S0,-14,1,SUV,1,4.44089209850063e-16,6.66133814775094e-16,1
S0,-14,2,VS,1,0.0,1.31006316905768e-14,1
S0,-14,2,SUV,1,0.0,8.881784197001249e-16,1
S0,-14,3,VS,1,1.11022302462516e-16,2.9976021664879203e-15,1
S0,-14,3,SUV,1,1.11022302462516e-16,6.328271240363391e-15,1
S0,-14,4,VS,1,4.44089209850063e-16,9.32587340685131e-15,1
S0,-14,4,SUV,1,1.11022302462516e-16,6.8833827526759706e-15,1
S0,-14,5,VS,1,3.33066907387547e-16,5.6621374255883e-15,1
S0,-14,5,SUV,1,4.44089209850063e-16,4.41868763800812e-14,1
S0,-16,1,VS,1,2.2204460492503099e-16,5.55111512312578e-16,1
S0,-16,1,SUV,1,2.2204460492503099e-16,1.0880185641326501e-14,1
S0,-16,2,VS,1,3.33066907387547e-16,8.88178419700125e-15,1
S0,-16,2,SUV,1,4.44089209850063e-16,1.33226762955019e-14,1
S0,-16,3,VS,1,3.33066907387547e-16,1.33226762955019e-15,1
S0,-16,3,SUV,1,2.2204460492503099e-16,4.88498130835069e-15,1
S0,-16,4,VS,1,1.11022302462516e-16,5.55111512312578e-15,1
S0,-16,4,SUV,1,1.11022302462516e-16,2.24265050974282e-14,1
S0,-16,5,VS,1,3.33066907387547e-16,7.32747196252603e-15,1
S0,-16,5,SUV,1,2.2204460492503099e-16,3.774758283725531e-15,1
S0,-18,1,VS,1,3.2959746043559304e-17,3.4416913763379904e-15,1
S0,-18,1,SUV,1,4.44089209850063e-16,1.11022302462516e-15,1
S0,-18,2,VS,1,1.11022302462516e-16,7.7715611723761e-15,1
S0,-18,2,SUV,1,3.33066907387547e-16,1.49880108324396e-14,1
S0,-18,3,VS,1,4.44089209850063e-16,4.44089209850063e-16,1
S0,-18,3,SUV,1,3.33066907387547e-16,1.88737914186277e-15,1
S0,-18,4,VS,1,0.0,2.55351295663786e-15,1
S0,-18,4,SUV,1,1.11022302462516e-16,2.0206059048177802e-14,1
S0,-18,5,VS,1,2.2204460492503099e-16,2.89768209427166e-14,1
S0,-18,5,SUV,1,3.33066907387547e-16,4.44089209850063e-16,1
S0,-20,1,VS,1,1.56125112837913e-17,8.23993651088983e-16,1
S0,-20,1,SUV,1,1.11022302462516e-16,8.659739592076221e-15,1
S0,-20,2,VS,1,2.08166817117217e-17,1.80949005779141e-14,1
S0,-20,2,SUV,1,3.33066907387547e-16,4.3298697960381105e-15,1
S0,-20,3,VS,1,3.12250225675825e-17,6.652664530371061e-15,1
S0,-20,3,SUV,1,3.88578058618805e-16,1.33226762955019e-14,1
S0,-20,4,VS,1,2.77555756156289e-17,1.6191908924767502e-14,1
S0,-20,4,SUV,1,0.0,3.99680288865056e-15,1
S0,-20,5,VS,1,1.0408340855860801e-17,2.4590156300075e-11,1
S0,-20,5,SUV,1,3.33066907387547e-16,4.10782519111308e-15,1
S0,-8,1,VS,1,3.33066907387547e-16,1.5543122344752201e-15,1
S0,-8,1,SUV,1,2.2204460492503099e-16,3.33066907387547e-16,1
S0,-8,2,VS,1,4.44089209850063e-16,7.771561172376101e-16,1
S0,-8,2,SUV,1,2.2204460492503099e-16,4.44089209850063e-16,1
S0,-8,3,VS,1,2.2204460492503099e-16,1.11022302462516e-16,1
S0,-8,3,SUV,1,4.44089209850063e-16,3.33066907387547e-16,1
S0,-8,4,VS,1,3.33066907387547e-16,1.99840144432528e-15,1
S0,-8,4,SUV,1,1.11022302462516e-16,2.66453525910038e-15,1
S0,-8,5,VS,1,4.44089209850063e-16,4.88498130835069e-15,1
S0,-8,5,SUV,1,3.33066907387547e-16,2.44249065417534e-15,1
S2,-10,1,VS,1,4.44089209850063e-16,2.55351295663786e-15,1
S2,-10,1,SUV,1,2.2204460492503099e-16,4.44089209850063e-16,1
S2,-10,2,VS,1,3.33066907387547e-16,1.33226762955019e-15,1
S2,-10,2,SUV,1,4.44089209850063e-16,8.881784197001249e-16,1
S2,-10,3,VS,1,2.2204460492503099e-16,2.66453525910038e-14,1
S2,-10,3,SUV,1,4.44089209850063e-16,3.2196467714129504e-15,1
S2,-10,4,VS,1,3.33066907387547e-16,4.44089209850063e-16,1
S2,-10,4,SUV,1,1.11022302462516e-16,9.992007221626409e-16,1
S2,-10,5,VS,1,3.33066907387547e-16,4.88498130835069e-15,1
S2,-10,5,SUV,1,0.0,1.0103029524088901e-14,1
S2,-12,1,VS,1,3.33066907387547e-16,2.77555756156289e-15,1
S2,-12,1,SUV,1,1.11022302462516e-16,1.11022302462516e-16,1
S2,-12,2,VS,1,3.33066907387547e-16,5.55111512312578e-16,1
S2,-12,2,SUV,1,2.2204460492503099e-16,4.44089209850063e-16,1
S2,-12,3,VS,1,4.44089209850063e-16,4.44089209850063e-16,1
S2,-12,3,SUV,1,3.33066907387547e-16,1.0658141036401501e-14,1
S2,-12,4,VS,1,2.2204460492503099e-16,8.881784197001249e-16,1
S2,-12,4,SUV,1,2.2204460492503099e-16,2.44249065417534e-15,1
S2,-12,5,VS,1,4.44089209850063e-16,2.3314683517128303e-15,1
S2,-12,5,SUV,1,0.0,3.774758283725531e-15,1
S2,-14,1,VS,1,2.2204460492503099e-16,8.881784197001249e-16,1
S2,-14,1,SUV,1,0.0,1.22124532708767e-15,1
S2,-14,2,VS,1,4.44089209850063e-16,3.3306690738754704e-15,1
S2,-14,2,SUV,1,1.11022302462516e-16,1.11022302462516e-16,1
S2,-14,3,VS,1,1.11022302462516e-16,1.0880185641326501e-14,1
S2,-14,3,SUV,1,4.44089209850063e-16,1.99840144432528e-15,1
S2,-14,4,VS,1,4.44089209850063e-16,1.5543122344752201e-15,1
S2,-14,4,SUV,1,0.0,7.43849426498855e-15,1
S2,-14,5,VS,1,1.11022302462516e-16,1.88737914186277e-15,1
S2,-14,5,SUV,1,1.11022302462516e-16,1.8540724511240102e-14,1
S2,-16,1,VS,1,3.88578058618805e-16,4.88498130835069e-15,1
S2,-16,1,SUV,1,3.33066907387547e-16,6.10622663543836e-15,1
S2,-16,2,VS,1,1.11022302462516e-16,1.66533453693773e-15,1
S2,-16,2,SUV,1,3.33066907387547e-16,1.22124532708767e-15,1
S2,-16,3,VS,1,2.77555756156289e-16,3.99680288865056e-15,1
S2,-16,3,SUV,1,0.0,0.0,1
S2,-16,4,VS,1,4.44089209850063e-16,1.33226762955019e-15,1
S2,-16,4,SUV,1,4.44089209850063e-16,1.54321000422897e-14,1
S2,-16,5,VS,1,0.0,3.88578058618805e-15,1
S2,-16,5,SUV,1,3.33066907387547e-16,3.88578058618805e-15,1
S2,-18,1,VS,1,2.2204460492503099e-16,1.22124532708767e-15,1
S2,-18,1,SUV,1,4.44089209850063e-16,7.549516567451061e-15,1
S2,-18,2,VS,1,4.44089209850063e-16,4.662936703425661e-15,1
S2,-18,2,SUV,1,3.33066907387547e-16,3.3306690738754704e-15,1
S2,-18,3,VS,1,0.0,3.6637359812630205e-15,1
S2,-18,3,SUV,1,3.33066907387547e-16,2.66453525910038e-15,1
S2,-18,4,VS,1,1.66533453693773e-16,2.44249065417534e-15,1
S2,-18,4,SUV,1,3.33066907387547e-16,8.881784197001249e-16,1
S2,-18,5,VS,1,2.77555756156289e-16,2.18713935851156e-14,1
S2,-18,5,SUV,1,4.44089209850063e-16,1.0658141036401501e-14,1
S2,-20,1,VS,1,5.55111512312578e-17,6.383782391594651e-15,1
S2,-20,1,SUV,1,3.33066907387547e-16,1.04360964314765e-14,1
S2,-20,2,VS,1,3.05311331771918e-16,4.9960036108132005e-15,1
S2,-20,2,SUV,1,2.2204460492503099e-16,1.21014309684142e-14,1
S2,-20,3,VS,1,2.2204460492503099e-16,5.55111512312578e-17,1
S2,-20,3,SUV,1,2.2204460492503099e-16,2.05391259555654e-15,1
S2,-20,4,VS,1,4.9960036108132e-16,1.11022302462516e-16,1
S2,-20,4,SUV,1,4.44089209850063e-16,1.92623694772465e-14,1
S2,-20,5,VS,1,3.6082248300317597e-16,3.30846461338297e-14,1
S2,-20,5,SUV,1,3.33066907387547e-16,5.6066262743570405e-15,1
S2,-8,1,VS,1,4.44089209850063e-16,5.55111512312578e-16,1
S2,-8,1,SUV,1,0.0,3.33066907387547e-16,1
S2,-8,2,VS,1,4.44089209850063e-16,6.66133814775094e-16,1
S2,-8,2,SUV,1,1.11022302462516e-16,2.77555756156289e-15,1
S2,-8,3,VS,1,1.11022302462516e-16,1.1546319456101601e-14,1
S2,-8,3,SUV,1,4.44089209850063e-16,1.17683640610267e-14,1
S2,-8,4,VS,1,0.0,8.881784197001249e-16,1
S2,-8,4,SUV,1,2.2204460492503099e-16,5.55111512312578e-16,1
S2,-8,5,VS,1,3.33066907387547e-16,1.11022302462516e-14,1
S2,-8,5,SUV,1,2.2204460492503099e-16,1.66533453693773e-15,1
