tone_hz,segment_start_s,group,gain_peak_vs_SMR_db,peak_excess_dB
49,0,strong,0.169267604769705,19.9053551910177
49,300,strong,1.21074956468682,26.1343226863817
49,600,strong,0.588440497907395,23.5361280314958
49,900,strong,0.0118569326351699,20.9589331564032
49,1200,strong,0.0225329845082948,19.0682726372158
49,1500,strong,0.045633432795272,24.3183504090582
49,1800,strong,0.154246791385082,22.1540463466194
49,2100,strong,0.0091477138179147,21.3152531526106
49,2400,strong,-0.0066220500596384,22.2651427004159
49,2700,strong,0.201772621921721,23.9626113521172
64,0,strong,1.03658146463774,22.2173618637855
64,300,strong,0.0351821600235814,24.8187017346963
64,600,strong,1.35858028238091,22.5956782267414
64,900,strong,0.0042602356759725,31.0045113323344
64,1200,strong,0.0,29.9345304187727
64,1500,strong,0.130070584186128,24.8358716731689
64,1800,strong,1.17384099441313,26.3405094362848
64,2100,strong,0.328190096643091,23.3678530226818
64,2400,strong,0.0118359450954696,22.5123958983501
64,2700,strong,0.0606971329762811,24.2279528222597
79,0,strong,0.104123602113493,21.4304533481535
79,300,strong,0.104807429352473,23.5018162718192
79,600,strong,1.20856352381408,23.4123294352333
79,900,strong,0.0026576926967852,27.0922958385901
79,1200,strong,0.0038254190007207,26.6889510019882
79,1500,strong,0.754652259481203,23.5390550808442
79,1800,strong,1.1489786328384,23.4496511948324
79,2100,strong,0.053652063921146,23.4086922850203
79,2400,strong,1.18304564895224,18.3267955739945
79,2700,strong,0.718651360770193,20.2048132811467
94,0,strong,0.395205246802278,20.6113317360652
94,300,strong,0.244445833669311,24.0596284498577
94,600,strong,0.886406077357553,25.9626121347512
94,900,strong,0.208875282522478,27.0193001067388
94,1200,strong,0.0579946688548005,27.3422510352536
94,1500,strong,1.17572782991702,23.9053815425569
94,1800,strong,1.84784232850299,21.402598684317
94,2100,strong,0.458035149111502,21.1736664878893
94,2400,strong,0.553959633049973,20.6167320405845
94,2700,strong,0.341537377212134,18.4220446911815
112,0,strong,0.341529634133467,23.9547296539525
112,300,strong,0.076755753974007,26.9805958968071
112,600,strong,1.0845448717474,29.9740707108271
112,900,strong,0.0061558682785908,30.1253184955113
112,1200,strong,0.141255363110097,29.2642870715601
112,1500,strong,0.013749715292052,28.9183163127265
112,1800,strong,1.42273065363669,23.2245125952178
112,2100,strong,0.169645780357161,22.7630623455062
112,2400,strong,0.294964602469531,24.2307990170054
112,2700,strong,2.11766329679182,22.1401579545448
130,0,strong,0.0594921926684376,25.2246393011088
130,300,strong,0.0568548779822092,26.7883007050449
130,600,strong,0.753502259536822,26.116653323583
130,900,strong,0.0034522834008414,31.8359851060933
130,1200,strong,0.023204624831699,31.1983496638176
130,1500,strong,0.11240947032688,29.1182297844974
130,1800,strong,0.510060639484987,26.5823777712488
130,2100,strong,0.184620675778717,26.7458128633675
130,2400,strong,0.295397096434524,26.3308520995831
130,2700,strong,0.0653386887140655,25.8024873835257
52,600,weak,0.83059852222441,16.1156521116958
52,900,weak,0.094706223868439,15.6341212906549
52,2400,weak,4.1104302808256,14.6761924601312
133,1200,weak,2.91555985148714,10.861400399397
100,600,weak,1.89430594884636,17.9889028701544
100,900,weak,1.74368050511964,15.8087013771701
100,1200,weak,1.091832316347,16.19012795648
100,1500,weak,1.02650473683631,15.3641488067682
100,1800,weak,2.74209939155576,13.6787337759792
118,1500,weak,4.09111495160682,13.9657340197576
136,900,weak,3.08542330940735,13.7828274255492
103,900,weak,0.175776475350727,20.7533054499804
103,1200,weak,1.60793558214587,22.0084366039801
121,0,weak,0.115871615518076,13.1990692902188
61,2100,weak,2.57838750663396,15.2456515011085
109,0,shallow,1.03228478072507,21.657496945138
109,300,shallow,0.0548692839802849,24.5740217676794
109,600,shallow,0.0827560769806965,29.7199980164786
109,900,shallow,0.0079833070108969,31.7105724757295
109,1200,shallow,0.0032444872154781,32.001617438119
109,1500,shallow,0.362053580308774,24.9756351925858
109,1800,shallow,0.0302067684497065,25.7151232835007
109,2100,shallow,0.0350263619068429,24.7818977081224
109,2400,shallow,1.16863407266183,24.110990887208
109,2700,shallow,0.0618543482964794,24.243014284776
127,0,shallow,0.104780798449606,22.9223407649116
127,300,shallow,1.85082880751142,25.8814112831078
127,600,shallow,0.279708162990699,28.7207293826644
127,900,shallow,0.0048249541592831,32.7767604798715
127,1200,shallow,0.017007193797764,32.9259251602289
127,1500,shallow,0.294750249054051,25.944864294034
127,1800,shallow,0.0461342251465888,26.0353814567572
127,2100,shallow,0.0322706439931507,24.5796505694012
127,2400,shallow,0.0979586989488596,23.7729534324071
127,2700,shallow,1.32720601865057,22.9723402195003
145,0,shallow,0.0371705084265541,25.1264359993905
145,300,shallow,0.418910192589247,27.1461312293244
145,600,shallow,0.650308982668382,29.6942312206914
145,900,shallow,0.003461179515888,33.7206754165554
145,1200,shallow,0.0220106380342849,33.6899788001789
145,1500,shallow,0.156956373049527,25.8280887747303
145,1800,shallow,0.0169832107180501,26.2581219328237
145,2100,shallow,0.0189554190248399,25.4479516067383
145,2400,shallow,0.11386495245696,24.1818151359648
145,2700,shallow,0.0755606650059817,24.1207938564199
