case,f,s,SMR,SMR_nu,VS_FM,VS_FM_nu,SUV,SUV_nu,SUV_FM,SUV_FM_nu,G94,G94_nu,G94_SMR,Gmed,Gmed_nu,strong_spread_mHz
"52 Hz, 600-900 s",52,600,-0.5487825573330505,1.28082275390625,0.28181596489209904,0.0,8.722022256592691,0.00030517578125,8.88674601055235,0.0,0.9587731461943684,-0.823974609375,0.38460649171196126,0.49726999645564823,-0.34698486328125,19.990761122351895
"52 Hz, 900-1200 s",52,900,9.133629743175451,0.00091552734375,9.228335967043972,0.0,9.209019785931025,0.0,9.245515993616136,0.0,2.42688318389542,-1.03424072265625,3.386267251805256,3.777753813441898,-1.0333251953125,1.7637667228768321
"52 Hz, 2400-2700 s",52,2400,6.195058147739392,-0.00396728515625,10.305488428561421,0.0,10.690107352646061,0.00030517578125,11.07721596527577,0.0,1.1485033730651955,0.57220458984375,1.5514606148042096,0.14411256381880025,0.81390380859375,5.6585570776899905
"61 Hz, 2100-2400 s",61,2100,1.7113338247812673,0.006103515625,4.289721331416473,0.0,5.1683413825431845,0.00030517578125,6.344586896440684,0.0,-0.71873040157302,-0.2783203125,-0.32822656958833785,-0.9108803958536682,-0.9375,3.7864336167903074
"100 Hz, 600-900 s",100,600,1.9197863083670907,0.00091552734375,3.814092257211541,0.0,4.234842040263685,-0.00030517578125,4.245100972729816,0.0,-1.7413919703083387,0.0836181640625,-1.2043001212695374,-0.7738574674561355,0.086669921875,38.443771389138256
"100 Hz, 900-1200 s",100,900,3.600376003099919,0.0,5.34405650822135,0.0,5.333119952074976,-0.00030517578125,5.339671391924852,-0.00030517578125,3.3971488123840015,0.08026123046875,3.4940815196469104,3.129322143890782,0.0830078125,3.3918590824554467
"100 Hz, 1200-1500 s",100,1200,8.323634047340795,0.0,9.415466363687392,0.0,9.37043723837451,0.0,9.513487073393932,0.0,6.695595309312625,0.08819580078125,6.319962145553931,7.611829046580201,0.08544921875,5.112448346493611
"100 Hz, 1500-1800 s",100,1500,3.115994675548115,-0.00030517578125,4.14249941238395,0.0,4.4002485191355225,0.0,4.465523778145793,0.0,0.13722382893389104,0.09735107421875,-1.27715244500882,1.1206671925317777,0.10284423828125,7.5065321895600885
"100 Hz, 1800-2100 s",100,1800,1.8284452808290994,-0.00152587890625,4.570544672385073,0.0,4.581730856736351,-0.00030517578125,4.723999869067049,0.0,-2.025538876503928,0.09765625,-3.379499022743363,-3.1556078477682976,0.10101318359375,56.044201568390804
"103 Hz, 900-1200 s",103,900,11.190205811261968,-0.00030517578125,11.365982286612361,0.0,11.3078025056227,0.0,11.375850908331532,0.0,1.3627466438050753,-0.14373779296875,1.3021202077055805,1.4776710839717546,-0.1446533203125,3.4936148549291097
"103 Hz, 1200-1500 s",103,1200,6.414249779783626,-0.0018310546875,8.02218536193298,0.0,8.333926884111552,0.0,8.730855962431303,0.0,-0.2980960577604603,-0.3076171875,-0.3635303924496385,-0.04022689650770631,-0.39825439453125,5.26582179688842
"118 Hz, 1500-1800 s",118,1500,4.277428171784175,-0.00213623046875,8.368543123389763,0.0,8.901345302718992,0.0,9.275633870027086,0.0,-0.10878189583242442,0.77423095703125,0.1832705678405065,1.3578432090904167,0.87127685546875,8.857707983680905
"121 Hz, 0-300 s",121,0,-3.4186782352256353,-1.2445068359375,-3.3028066197031247,0.00030517578125,6.856288139103322,0.00030517578125,7.171994385619201,0.0,-0.08488082912745099,-0.53009033203125,-0.7754378732978252,0.22112460165604766,-0.5029296875,9.103613216504831
"133 Hz, 1200-1500 s",133,1200,-0.7839163651808039,1.39923095703125,2.13164348631598,-1.48773193359375,8.163590306808162,0.0,8.189175574741435,0.0,4.656027474549475,0.00213623046875,3.9451401768231085,6.456583616600568,-0.00152587890625,6.799556300836503
"136 Hz, 900-1200 s",136,900,5.510308251733367,0.0018310546875,8.595731561139543,0.0,9.54951858902136,-0.00030517578125,10.05676182598628,0.0,1.8757138485556881,-0.08056640625,2.861590163506451,2.432417155618168,0.00213623046875,4.6129283521394076
