tone,start,median,p90,frac05,cls,gain,w10,w05
52,600,1.67330915067474,1.7596487272672157,0.0,不对应,0.8305985222244296,,
52,900,0.51566634873193,0.5672769698963954,0.0,不对应,0.0947062238684276,0.3238154806821057,0.3238154806821057
52,2400,0.06970984547640668,0.13843844395989463,0.38,不确定,4.11043028082562,4.11043028082562,4.11043028082562
61,2100,0.04623412583416453,0.1852512613426072,0.54,对应,2.578387506633961,2.578387506633961,-0.7133649777472657
100,600,0.017165728326475005,0.03954930622598455,0.9566666666666667,对应,1.894305948846352,1.894305948846352,1.894305948846352
100,900,0.013821509950133759,0.031746810457005385,1.0,对应,1.74368050511965,1.74368050511965,1.74368050511965
100,1200,0.008393979888090541,0.03221672686769921,0.96,对应,1.09183231634699,1.09183231634699,1.09183231634699
100,1500,0.011847864210196235,0.02342736028475514,1.0,对应,1.0265047368363118,1.0265047368363118,1.0265047368363118
100,1800,0.005565322585894705,0.029916130005548797,0.9966666666666667,对应,2.7420993915557483,2.7420993915557483,2.7420993915557483
103,900,0.031694774295601746,0.26061393920304715,0.6133333333333333,对应,0.1757764753507307,0.1757764753507307,0.1757764753507307
103,1200,0.23835749857224897,0.5575102241313177,0.2633333333333333,不对应,1.6079355821458732,-0.1329581122224531,0.4256366692667284
118,1500,0.2984507014419222,0.5599179440179839,0.0,不对应,4.0911149516068255,-0.5330492171993158,-0.5330492171993158
121,0,1.785093373222459,1.8100539675251426,0.0,不对应,0.115871615518078,,
133,1200,2.877496647676381,2.9627488801158792,0.0,不对应,2.9155598514871484,1.2640890979241497,1.2640890979241497
136,900,0.033840337955524546,0.18940054812865414,0.5833333333333334,对应,3.085423309407351,3.085423309407351,3.085423309407351
